Seed,Model,Ne
1,control,17996
10,control,27447
100,control,37191
101,control,14823
102,control,40437
103,control,25679
104,control,41833
105,control,21784
106,control,39448
107,control,43950
108,control,35304
109,control,25746
11,control,32321
110,control,10323
111,control,30489
112,control,33191
113,control,21756
114,control,36476
115,control,17150
116,control,39212
117,control,34652
118,control,23167
119,control,13047
12,control,69286
120,control,57918
121,control,30822
122,control,21534
123,control,30618
124,control,29143
125,control,47266
126,control,19018
127,control,26433
128,control,34338
129,control,37054
13,control,28810
130,control,55386
131,control,38126
132,control,38746
133,control,23220
134,control,24298
135,control,13210
136,control,28879
137,control,21675
138,control,11577
139,control,35387
14,control,20731
140,control,15953
141,control,46725
142,control,19329
143,control,15620
144,control,41418
145,control,39017
146,control,11431
147,control,12651
148,control,19318
149,control,16583
15,control,23589
150,control,51876
151,control,13118
152,control,33950
153,control,27744
154,control,20886
155,control,20353
156,control,57006
157,control,15881
158,control,22699
159,control,57331
16,control,38931
160,control,49922
161,control,15236
162,control,17549
163,control,15254
164,control,67075
165,control,15352
166,control,17335
167,control,21742
168,control,35670
169,control,33058
17,control,16360
170,control,24644
171,control,24322
172,control,41257
173,control,25168
174,control,29696
175,control,29296
176,control,28219
177,control,15097
178,control,23141
179,control,28575
18,control,20469
180,control,18916
181,control,29684
182,control,27363
183,control,22427
184,control,49908
185,control,27616
186,control,23172
187,control,21100
188,control,14406
189,control,39878
19,control,29434
190,control,23643
191,control,33390
192,control,13049
193,control,10565
194,control,32941
195,control,19562
196,control,37331
197,control,17962
198,control,69002
199,control,19327
2,control,30199
20,control,66069
200,control,27557
21,control,36057
22,control,26088
23,control,26560
24,control,36983
25,control,27744
26,control,25605
27,control,21172
28,control,17060
29,control,12631
3,control,31862
30,control,9664
31,control,84681
32,control,37938
33,control,20222
34,control,41448
35,control,29611
36,control,34472
37,control,37135
38,control,20851
39,control,17398
4,control,20288
40,control,33548
41,control,22119
42,control,18807
43,control,42747
44,control,24807
45,control,12289
46,control,50149
47,control,24067
48,control,16611
49,control,29420
5,control,32603
50,control,11060
51,control,18469
52,control,33503
53,control,17003
54,control,42820
55,control,12866
56,control,26035
57,control,61229
58,control,28844
59,control,28326
6,control,44007
60,control,26626
61,control,5931
62,control,14930
63,control,23993
64,control,21859
65,control,23619
66,control,16575
67,control,34894
68,control,14610
69,control,39524
7,control,53339
70,control,5754
71,control,23029
72,control,20782
73,control,42452
74,control,25623
75,control,43117
76,control,14301
77,control,46790
78,control,49548
79,control,33720
8,control,39018
80,control,21363
81,control,18016
82,control,37409
83,control,19715
84,control,24494
85,control,37784
86,control,16809
87,control,18988
88,control,16584
89,control,28586
9,control,13982
90,control,31562
91,control,50650
92,control,47975
93,control,35424
94,control,17428
95,control,54073
96,control,29604
97,control,6672
98,control,27263
99,control,26763
1,intervention,31993
10,intervention,13987
100,intervention,17366
101,intervention,32537
102,intervention,39413
103,intervention,40251
104,intervention,17667
105,intervention,49189
106,intervention,19919
107,intervention,24778
108,intervention,37180
109,intervention,25392
11,intervention,36046
110,intervention,37049
111,intervention,16556
112,intervention,80436
113,intervention,19242
114,intervention,90584
115,intervention,54208
116,intervention,21227
117,intervention,38417
118,intervention,23317
119,intervention,52608
12,intervention,19373
120,intervention,15210
121,intervention,12560
122,intervention,25208
123,intervention,38907
124,intervention,8722
125,intervention,30017
126,intervention,14094
127,intervention,45608
128,intervention,50738
129,intervention,40670
13,intervention,36415
130,intervention,34614
131,intervention,24450
132,intervention,35086
133,intervention,27651
134,intervention,28388
135,intervention,21288
136,intervention,65429
137,intervention,34756
138,intervention,29036
139,intervention,22567
14,intervention,26748
140,intervention,16894
141,intervention,23018
142,intervention,19444
143,intervention,33554
144,intervention,52350
145,intervention,10411
146,intervention,15863
147,intervention,11727
148,intervention,15964
149,intervention,18151
15,intervention,25273
150,intervention,86884
151,intervention,12882
152,intervention,37551
153,intervention,44619
154,intervention,46072
155,intervention,21236
156,intervention,28039
157,intervention,26887
158,intervention,30040
159,intervention,21241
16,intervention,24555
160,intervention,30080
161,intervention,30099
162,intervention,15537
163,intervention,40579
164,intervention,29899
165,intervention,12218
166,intervention,67837
167,intervention,23193
168,intervention,10744
169,intervention,34392
17,intervention,9170
170,intervention,24889
171,intervention,51511
172,intervention,9185
173,intervention,13665
174,intervention,41643
175,intervention,18616
176,intervention,17515
177,intervention,27126
178,intervention,18451
179,intervention,20240
18,intervention,42281
180,intervention,16751
181,intervention,25613
182,intervention,33060
183,intervention,22225
184,intervention,35852
185,intervention,22102
186,intervention,43167
187,intervention,14053
188,intervention,28385
189,intervention,31996
19,intervention,31915
190,intervention,30580
191,intervention,26288
192,intervention,55908
193,intervention,67197
194,intervention,42738
195,intervention,16804
196,intervention,16226
197,intervention,29363
198,intervention,20744
199,intervention,38403
2,intervention,18562
20,intervention,16225
200,intervention,26624
21,intervention,28035
22,intervention,70799
23,intervention,11439
24,intervention,20167
25,intervention,16492
26,intervention,27354
27,intervention,27364
28,intervention,30465
29,intervention,23070
3,intervention,6854
30,intervention,21996
31,intervention,25500
32,intervention,17774
33,intervention,42855
34,intervention,75033
35,intervention,32338
36,intervention,24557
37,intervention,23945
38,intervention,15679
39,intervention,34336
4,intervention,10924
40,intervention,29054
41,intervention,54042
42,intervention,18045
43,intervention,35171
44,intervention,21164
45,intervention,33247
46,intervention,19135
47,intervention,9717
48,intervention,34179
49,intervention,19911
5,intervention,29873
50,intervention,39738
51,intervention,17677
52,intervention,31513
53,intervention,17731
54,intervention,25326
55,intervention,31332
56,intervention,27442
57,intervention,20156
58,intervention,54336
59,intervention,56287
6,intervention,27267
60,intervention,21296
61,intervention,49001
62,intervention,63480
63,intervention,16544
64,intervention,49566
65,intervention,43128
66,intervention,17631
67,intervention,14447
68,intervention,41632
69,intervention,62253
7,intervention,29070
70,intervention,32255
71,intervention,16590
72,intervention,33048
73,intervention,11378
74,intervention,16486
75,intervention,13517
76,intervention,41622
77,intervention,29910
78,intervention,47958
79,intervention,24533
8,intervention,36217
80,intervention,40634
81,intervention,13810
82,intervention,32661
83,intervention,11047
84,intervention,24926
85,intervention,36059
86,intervention,18008
87,intervention,5562
88,intervention,18437
89,intervention,31805
9,intervention,50758
90,intervention,18782
91,intervention,41539
92,intervention,20725
93,intervention,63442
94,intervention,34032
95,intervention,18842
96,intervention,33401
97,intervention,37072
98,intervention,14114
99,intervention,35201
