Time,Seed,Model,Value
0,1,control,0.015538
3,1,control,0.015594
6,1,control,0.0156255
9,1,control,0.0155275
12,1,control,0.015513
15,1,control,0.0155835
18,1,control,0.015649
21,1,control,0.0155805
24,1,control,0.0155945
27,1,control,0.0155905
30,1,control,0.0156245
33,1,control,0.015586
36,1,control,0.015523
39,1,control,0.015542
42,1,control,0.015569
45,1,control,0.0155765
48,1,control,0.0155565
0,10,control,0.0154545
3,10,control,0.0155785
6,10,control,0.015584
9,10,control,0.0155385
12,10,control,0.0154895
15,10,control,0.0154415
18,10,control,0.015524
21,10,control,0.015531
24,10,control,0.0154905
27,10,control,0.015453
30,10,control,0.0155305
33,10,control,0.0154895
36,10,control,0.015472
39,10,control,0.0154485
42,10,control,0.015502
45,10,control,0.015476
48,10,control,0.0154965
0,100,control,0.015428
3,100,control,0.015488
6,100,control,0.0154465
9,100,control,0.0154645
12,100,control,0.01548
15,100,control,0.015432
18,100,control,0.01544
21,100,control,0.0154465
24,100,control,0.015402
27,100,control,0.0154305
30,100,control,0.01545
33,100,control,0.015409
36,100,control,0.015427
39,100,control,0.015504
42,100,control,0.0153605
45,100,control,0.0154265
48,100,control,0.0154395
0,11,control,0.015631
3,11,control,0.015592
6,11,control,0.0156035
9,11,control,0.0155405
12,11,control,0.0155765
15,11,control,0.015561
18,11,control,0.015549
21,11,control,0.0155875
24,11,control,0.0155185
27,11,control,0.015614
30,11,control,0.015495
33,11,control,0.0154975
36,11,control,0.0155
39,11,control,0.015538
42,11,control,0.0155495
45,11,control,0.015556
48,11,control,0.015543
0,12,control,0.015551
3,12,control,0.01555
6,12,control,0.015536
9,12,control,0.0155145
12,12,control,0.015502
15,12,control,0.015494
18,12,control,0.0155065
21,12,control,0.0155055
24,12,control,0.015479
27,12,control,0.015593
30,12,control,0.015605
33,12,control,0.0156215
36,12,control,0.0155705
39,12,control,0.015624
42,12,control,0.015575
45,12,control,0.015566
48,12,control,0.0154935
0,13,control,0.0153375
3,13,control,0.0154155
6,13,control,0.0153035
9,13,control,0.0153715
12,13,control,0.0153395
15,13,control,0.0154245
18,13,control,0.0153785
21,13,control,0.0154535
24,13,control,0.0153555
27,13,control,0.015412
30,13,control,0.0153295
33,13,control,0.015353
36,13,control,0.015369
39,13,control,0.015384
42,13,control,0.015416
45,13,control,0.015367
48,13,control,0.0153405
0,14,control,0.0153105
3,14,control,0.0152945
6,14,control,0.015313
9,14,control,0.015257
12,14,control,0.015245
15,14,control,0.015257
18,14,control,0.0152795
21,14,control,0.0152725
24,14,control,0.015285
27,14,control,0.0153605
30,14,control,0.015221
33,14,control,0.015264
36,14,control,0.015307
39,14,control,0.0152745
42,14,control,0.0152455
45,14,control,0.0153065
48,14,control,0.0152365
0,15,control,0.015426
3,15,control,0.015492
6,15,control,0.0154215
9,15,control,0.015391
12,15,control,0.0153605
15,15,control,0.015476
18,15,control,0.0153815
21,15,control,0.015436
24,15,control,0.015299
27,15,control,0.015419
30,15,control,0.015382
33,15,control,0.0153185
36,15,control,0.0154605
39,15,control,0.015394
42,15,control,0.015408
45,15,control,0.0154085
48,15,control,0.0154115
0,16,control,0.01536
3,16,control,0.0154105
6,16,control,0.015338
9,16,control,0.015418
12,16,control,0.01538
15,16,control,0.0153
18,16,control,0.0152605
21,16,control,0.01536
24,16,control,0.0153725
27,16,control,0.0153355
30,16,control,0.0153485
33,16,control,0.015405
36,16,control,0.0153585
39,16,control,0.015347
42,16,control,0.015323
45,16,control,0.0153105
48,16,control,0.015242
0,17,control,0.015623
3,17,control,0.0155095
6,17,control,0.01556
9,17,control,0.015464
12,17,control,0.015507
15,17,control,0.015536
18,17,control,0.015536
21,17,control,0.015455
24,17,control,0.015484
27,17,control,0.0155045
30,17,control,0.01551
33,17,control,0.0155155
36,17,control,0.0154875
39,17,control,0.015531
42,17,control,0.0155075
45,17,control,0.0154385
48,17,control,0.0154575
0,18,control,0.0156535
3,18,control,0.015611
6,18,control,0.0156565
9,18,control,0.0156505
12,18,control,0.015593
15,18,control,0.015661
18,18,control,0.0156975
21,18,control,0.0156915
24,18,control,0.0156645
27,18,control,0.015746
30,18,control,0.015704
33,18,control,0.015731
36,18,control,0.0156715
39,18,control,0.0156875
42,18,control,0.01564
45,18,control,0.015615
48,18,control,0.0157375
0,19,control,0.0155205
3,19,control,0.015509
6,19,control,0.0154915
9,19,control,0.0155945
12,19,control,0.01553
15,19,control,0.015467
18,19,control,0.0154325
21,19,control,0.0156335
24,19,control,0.015607
27,19,control,0.0155215
30,19,control,0.0155445
33,19,control,0.0155295
36,19,control,0.0155865
39,19,control,0.0155735
42,19,control,0.015561
45,19,control,0.0155425
48,19,control,0.015516
0,2,control,0.015525
3,2,control,0.0154555
6,2,control,0.015521
9,2,control,0.0155015
12,2,control,0.0155225
15,2,control,0.015615
18,2,control,0.015534
21,2,control,0.0155405
24,2,control,0.015553
27,2,control,0.0155725
30,2,control,0.01551
33,2,control,0.015539
36,2,control,0.0155425
39,2,control,0.0155555
42,2,control,0.015576
45,2,control,0.0154615
48,2,control,0.0154905
0,20,control,0.015384
3,20,control,0.0154095
6,20,control,0.015371
9,20,control,0.0154135
12,20,control,0.0153335
15,20,control,0.0153415
18,20,control,0.015441
21,20,control,0.015351
24,20,control,0.0153705
27,20,control,0.0153705
30,20,control,0.015352
33,20,control,0.015409
36,20,control,0.015342
39,20,control,0.0153255
42,20,control,0.0153845
45,20,control,0.0153445
48,20,control,0.015356
0,21,control,0.015474
3,21,control,0.015458
6,21,control,0.0154275
9,21,control,0.015362
12,21,control,0.0153805
15,21,control,0.0155145
18,21,control,0.015403
21,21,control,0.0154165
24,21,control,0.01543
27,21,control,0.0154025
30,21,control,0.0153345
33,21,control,0.015451
36,21,control,0.0155085
39,21,control,0.01543
42,21,control,0.015481
45,21,control,0.0154175
48,21,control,0.0154685
0,22,control,0.0154535
3,22,control,0.0154695
6,22,control,0.015402
9,22,control,0.0154435
12,22,control,0.0154255
15,22,control,0.0155215
18,22,control,0.0153405
21,22,control,0.01541
24,22,control,0.0154025
27,22,control,0.0154875
30,22,control,0.015448
33,22,control,0.0154315
36,22,control,0.015387
39,22,control,0.0154305
42,22,control,0.0154925
45,22,control,0.015442000000000001
48,22,control,0.0153975
0,23,control,0.0155495
3,23,control,0.0155835
6,23,control,0.0154865
9,23,control,0.0155955
12,23,control,0.0155525
15,23,control,0.015575
18,23,control,0.0155425
21,23,control,0.01549
24,23,control,0.015585
27,23,control,0.015551
30,23,control,0.015565
33,23,control,0.015541
36,23,control,0.0155515
39,23,control,0.015621
42,23,control,0.0156255
45,23,control,0.0156265
48,23,control,0.015546
0,24,control,0.015526
3,24,control,0.0155375
6,24,control,0.0155575
9,24,control,0.0156205
12,24,control,0.0155555
15,24,control,0.015535
18,24,control,0.0156155
21,24,control,0.015574
24,24,control,0.015613
27,24,control,0.015599
30,24,control,0.015521
33,24,control,0.015609
36,24,control,0.0155855
39,24,control,0.0154935
42,24,control,0.015582500000000001
45,24,control,0.01555
48,24,control,0.0155535
0,25,control,0.0152825
3,25,control,0.015337
6,25,control,0.0153675
9,25,control,0.0153455
12,25,control,0.015358
15,25,control,0.0153315
18,25,control,0.015359
21,25,control,0.015362
24,25,control,0.0153365
27,25,control,0.0154045
30,25,control,0.0152915
33,25,control,0.0153645
36,25,control,0.0153595
39,25,control,0.015375
42,25,control,0.0153725
45,25,control,0.0153415
48,25,control,0.0153515
0,26,control,0.0154315
3,26,control,0.015514
6,26,control,0.01548
9,26,control,0.01542
12,26,control,0.015512
15,26,control,0.015387
18,26,control,0.015431
21,26,control,0.015468
24,26,control,0.0154225
27,26,control,0.015405
30,26,control,0.0154245
33,26,control,0.0154255
36,26,control,0.015523
39,26,control,0.01536
42,26,control,0.015453
45,26,control,0.0154925
48,26,control,0.0155375
0,27,control,0.0155395
3,27,control,0.0154915
6,27,control,0.0154415
9,27,control,0.015479
12,27,control,0.0155255
15,27,control,0.015401
18,27,control,0.015405
21,27,control,0.0154425
24,27,control,0.0154525
27,27,control,0.015487
30,27,control,0.0154585
33,27,control,0.0154255
36,27,control,0.015484
39,27,control,0.015425
42,27,control,0.015431
45,27,control,0.015424
48,27,control,0.0155395
0,28,control,0.0155275
3,28,control,0.015623
6,28,control,0.015492
9,28,control,0.0155455
12,28,control,0.0155985
15,28,control,0.015598
18,28,control,0.015544
21,28,control,0.01561
24,28,control,0.0155535
27,28,control,0.015601
30,28,control,0.0155905
33,28,control,0.0155435
36,28,control,0.0156265
39,28,control,0.015571
42,28,control,0.015614
45,28,control,0.015526
48,28,control,0.0155575
0,29,control,0.015338
3,29,control,0.015409
6,29,control,0.015469
9,29,control,0.0154945
12,29,control,0.015446
15,29,control,0.0154585
18,29,control,0.0154075
21,29,control,0.0153915
24,29,control,0.015442000000000001
27,29,control,0.0154275
30,29,control,0.015426
33,29,control,0.0154245
36,29,control,0.0154245
39,29,control,0.0155045
42,29,control,0.015536
45,29,control,0.0154745
48,29,control,0.015367
0,3,control,0.015428
3,3,control,0.0154445
6,3,control,0.0154715
9,3,control,0.0153865
12,3,control,0.015435
15,3,control,0.015411
18,3,control,0.0154
21,3,control,0.0153895
24,3,control,0.015474
27,3,control,0.015408
30,3,control,0.0154085
33,3,control,0.0154915
36,3,control,0.015495
39,3,control,0.015438
42,3,control,0.0154085
45,3,control,0.015491
48,3,control,0.01541
0,30,control,0.0154965
3,30,control,0.0153975
6,30,control,0.015423
9,30,control,0.0153785
12,30,control,0.0153855
15,30,control,0.0154235
18,30,control,0.015396
21,30,control,0.0153005
24,30,control,0.0153815
27,30,control,0.015474
30,30,control,0.015452
33,30,control,0.0153125
36,30,control,0.015443
39,30,control,0.015386
42,30,control,0.0154345
45,30,control,0.015391
48,30,control,0.015438
0,31,control,0.015497
3,31,control,0.0155075
6,31,control,0.0154935
9,31,control,0.015543
12,31,control,0.0155385
15,31,control,0.015483
18,31,control,0.0155115
21,31,control,0.015474
24,31,control,0.015469
27,31,control,0.015499
30,31,control,0.015553
33,31,control,0.015514
36,31,control,0.0155485
39,31,control,0.0154115
42,31,control,0.015459
45,31,control,0.0155325
48,31,control,0.015564
0,32,control,0.015416
3,32,control,0.0154795
6,32,control,0.015354
9,32,control,0.015386
12,32,control,0.015379
15,32,control,0.0153865
18,32,control,0.015375
21,32,control,0.0154005
24,32,control,0.0154145
27,32,control,0.0153655
30,32,control,0.0154155
33,32,control,0.0153845
36,32,control,0.0153925
39,32,control,0.015365
42,32,control,0.015482
45,32,control,0.0154415
48,32,control,0.0153305
0,33,control,0.01548
3,33,control,0.015451
6,33,control,0.015429
9,33,control,0.0154225
12,33,control,0.015436
15,33,control,0.0153335
18,33,control,0.0153905
21,33,control,0.0153975
24,33,control,0.015406
27,33,control,0.0154175
30,33,control,0.015336
33,33,control,0.015378
36,33,control,0.015329
39,33,control,0.015382
42,33,control,0.015496
45,33,control,0.0153735
48,33,control,0.0154075
0,34,control,0.0156195
3,34,control,0.0155405
6,34,control,0.0155395
9,34,control,0.0154615
12,34,control,0.015603
15,34,control,0.015497
18,34,control,0.015626
21,34,control,0.0155705
24,34,control,0.015576
27,34,control,0.0156115
30,34,control,0.0156285
33,34,control,0.0155005
36,34,control,0.015499
39,34,control,0.015539
42,34,control,0.015577
45,34,control,0.0155685
48,34,control,0.0154985
0,35,control,0.015549
3,35,control,0.015514
6,35,control,0.015574
9,35,control,0.0154865
12,35,control,0.0155265
15,35,control,0.015474
18,35,control,0.015489
21,35,control,0.0154865
24,35,control,0.015487
27,35,control,0.015459
30,35,control,0.015445
33,35,control,0.0155145
36,35,control,0.015524
39,35,control,0.015498
42,35,control,0.015463
45,35,control,0.0155315
48,35,control,0.015463
0,36,control,0.015421
3,36,control,0.0155095
6,36,control,0.015502
9,36,control,0.0155425
12,36,control,0.0154515
15,36,control,0.015479
18,36,control,0.0154495
21,36,control,0.015454
24,36,control,0.0153925
27,36,control,0.015445
30,36,control,0.0154495
33,36,control,0.0154825
36,36,control,0.0154485
39,36,control,0.015495
42,36,control,0.015464
45,36,control,0.015474
48,36,control,0.015452
0,37,control,0.0154095
3,37,control,0.015419
6,37,control,0.015481
9,37,control,0.015427
12,37,control,0.0153855
15,37,control,0.0153575
18,37,control,0.0154235
21,37,control,0.015392
24,37,control,0.0155215
27,37,control,0.0154755
30,37,control,0.015387
33,37,control,0.0155105
36,37,control,0.0154665
39,37,control,0.0154865
42,37,control,0.015443
45,37,control,0.0154385
48,37,control,0.015516
0,38,control,0.0155405
3,38,control,0.015461
6,38,control,0.015479
9,38,control,0.0154825
12,38,control,0.0155435
15,38,control,0.0155135
18,38,control,0.0155995
21,38,control,0.0156395
24,38,control,0.0155885
27,38,control,0.015566
30,38,control,0.01546
33,38,control,0.015505
36,38,control,0.0154415
39,38,control,0.0155295
42,38,control,0.015584
45,38,control,0.01551
48,38,control,0.0155195
0,39,control,0.0153945
3,39,control,0.01545
6,39,control,0.015402
9,39,control,0.0153535
12,39,control,0.0154
15,39,control,0.0154575
18,39,control,0.015405
21,39,control,0.015408
24,39,control,0.015393
27,39,control,0.015427
30,39,control,0.0153855
33,39,control,0.01534
36,39,control,0.0153975
39,39,control,0.015444
42,39,control,0.0154675
45,39,control,0.0154155
48,39,control,0.015389
0,4,control,0.015496
3,4,control,0.015514
6,4,control,0.01558
9,4,control,0.015517
12,4,control,0.015499
15,4,control,0.0155775
18,4,control,0.0155695
21,4,control,0.015571
24,4,control,0.015654
27,4,control,0.0155715
30,4,control,0.015585
33,4,control,0.0155535
36,4,control,0.0155855
39,4,control,0.0155675
42,4,control,0.0155425
45,4,control,0.0156165
48,4,control,0.0154875
0,40,control,0.0153315
3,40,control,0.0153095
6,40,control,0.015322
9,40,control,0.01541
12,40,control,0.015413
15,40,control,0.0153405
18,40,control,0.0153225
21,40,control,0.0153475
24,40,control,0.0152995
27,40,control,0.0153455
30,40,control,0.0153325
33,40,control,0.0154025
36,40,control,0.0153535
39,40,control,0.0153935
42,40,control,0.015449
45,40,control,0.0153185
48,40,control,0.015389
0,41,control,0.015251
3,41,control,0.0152865
6,41,control,0.0151655
9,41,control,0.0153815
12,41,control,0.0151805
15,41,control,0.015317
18,41,control,0.0152615
21,41,control,0.015303
24,41,control,0.015233
27,41,control,0.0152565
30,41,control,0.015264
33,41,control,0.0153845
36,41,control,0.0152925
39,41,control,0.015248
42,41,control,0.015278
45,41,control,0.0152615
48,41,control,0.0152205
0,42,control,0.015544
3,42,control,0.0156035
6,42,control,0.015625
9,42,control,0.0155675
12,42,control,0.015594
15,42,control,0.015665
18,42,control,0.015625
21,42,control,0.0156635
24,42,control,0.015641
27,42,control,0.0155355
30,42,control,0.0156445
33,42,control,0.0155975
36,42,control,0.015601
39,42,control,0.015535
42,42,control,0.015499
45,42,control,0.01574
48,42,control,0.015586
0,43,control,0.0154455
3,43,control,0.015524
6,43,control,0.015433
9,43,control,0.015508
12,43,control,0.01549
15,43,control,0.01546
18,43,control,0.015434
21,43,control,0.0153635
24,43,control,0.015472
27,43,control,0.015391
30,43,control,0.015459
33,43,control,0.0154655
36,43,control,0.0154395
39,43,control,0.0154385
42,43,control,0.0154775
45,43,control,0.0155115
48,43,control,0.0154575
0,44,control,0.0156665
3,44,control,0.015771
6,44,control,0.015717
9,44,control,0.0157235
12,44,control,0.0157165
15,44,control,0.0157605
18,44,control,0.0157095
21,44,control,0.0156845
24,44,control,0.01568
27,44,control,0.015685
30,44,control,0.0155975
33,44,control,0.015762
36,44,control,0.0157065
39,44,control,0.0156865
42,44,control,0.0157315
45,44,control,0.0157175
48,44,control,0.015629
0,45,control,0.0154485
3,45,control,0.0154515
6,45,control,0.015454
9,45,control,0.0154935
12,45,control,0.0155165
15,45,control,0.015469
18,45,control,0.0154545
21,45,control,0.0154785
24,45,control,0.0154615
27,45,control,0.015469
30,45,control,0.015489
33,45,control,0.0154835
36,45,control,0.01551
39,45,control,0.01548
42,45,control,0.0153795
45,45,control,0.0154525
48,45,control,0.015345
0,46,control,0.015396
3,46,control,0.015342
6,46,control,0.0153
9,46,control,0.015329
12,46,control,0.015385
15,46,control,0.015268
18,46,control,0.0153265
21,46,control,0.0153335
24,46,control,0.015307
27,46,control,0.015287
30,46,control,0.0153135
33,46,control,0.0152895
36,46,control,0.0152765
39,46,control,0.0152645
42,46,control,0.015341
45,46,control,0.0152955
48,46,control,0.0154115
0,47,control,0.015739
3,47,control,0.015732
6,47,control,0.015774
9,47,control,0.015668
12,47,control,0.0156925
15,47,control,0.015732
18,47,control,0.015721
21,47,control,0.01563
24,47,control,0.015598
27,47,control,0.0156925
30,47,control,0.0155625
33,47,control,0.0156785
36,47,control,0.0156155
39,47,control,0.015712
42,47,control,0.015738
45,47,control,0.0156445
48,47,control,0.015726
0,48,control,0.0154265
3,48,control,0.01543
6,48,control,0.015494
9,48,control,0.0154395
12,48,control,0.015381
15,48,control,0.0154125
18,48,control,0.015382
21,48,control,0.015443
24,48,control,0.0154685
27,48,control,0.0154445
30,48,control,0.015449
33,48,control,0.01542
36,48,control,0.0153955
39,48,control,0.0154145
42,48,control,0.015417
45,48,control,0.0153685
48,48,control,0.0154305
0,49,control,0.0157695
3,49,control,0.0156225
6,49,control,0.015676
9,49,control,0.0156915
12,49,control,0.015616
15,49,control,0.0157105
18,49,control,0.015723
21,49,control,0.0156815
24,49,control,0.0157
27,49,control,0.0157165
30,49,control,0.015622
33,49,control,0.0157835
36,49,control,0.015679
39,49,control,0.0157215
42,49,control,0.0156855
45,49,control,0.015621
48,49,control,0.015623
0,5,control,0.015553
3,5,control,0.0156955
6,5,control,0.01566
9,5,control,0.015708
12,5,control,0.015647
15,5,control,0.015545
18,5,control,0.0156385
21,5,control,0.0155845
24,5,control,0.015693
27,5,control,0.015612
30,5,control,0.015651
33,5,control,0.0157445
36,5,control,0.0157455
39,5,control,0.0157255
42,5,control,0.015649
45,5,control,0.015623
48,5,control,0.0156925
0,50,control,0.0155655
3,50,control,0.0153855
6,50,control,0.015449
9,50,control,0.0155045
12,50,control,0.015431
15,50,control,0.015442000000000001
18,50,control,0.0154505
21,50,control,0.0154695
24,50,control,0.015475
27,50,control,0.0154675
30,50,control,0.0154445
33,50,control,0.0154745
36,50,control,0.015442000000000001
39,50,control,0.015382
42,50,control,0.015483
45,50,control,0.015446
48,50,control,0.015475
0,51,control,0.0153025
3,51,control,0.0153825
6,51,control,0.0153785
9,51,control,0.0153605
12,51,control,0.0154055
15,51,control,0.015346
18,51,control,0.0154185
21,51,control,0.015351
24,51,control,0.015288
27,51,control,0.0153825
30,51,control,0.0152835
33,51,control,0.0153965
36,51,control,0.0153795
39,51,control,0.015304
42,51,control,0.0153165
45,51,control,0.0153215
48,51,control,0.0153345
0,52,control,0.01549
3,52,control,0.0154845
6,52,control,0.0155535
9,52,control,0.015446
12,52,control,0.0155385
15,52,control,0.0154855
18,52,control,0.015505
21,52,control,0.0155875
24,52,control,0.0155665
27,52,control,0.0154365
30,52,control,0.01556
33,52,control,0.015514
36,52,control,0.015497
39,52,control,0.0155275
42,52,control,0.015516
45,52,control,0.015438
48,52,control,0.0155755
0,53,control,0.015589
3,53,control,0.0156905
6,53,control,0.015698
9,53,control,0.0157615
12,53,control,0.0157485
15,53,control,0.015652
18,53,control,0.015698
21,53,control,0.015699
24,53,control,0.015719
27,53,control,0.015688
30,53,control,0.015628
33,53,control,0.0157855
36,53,control,0.0156665
39,53,control,0.0156525
42,53,control,0.015759
45,53,control,0.015733
48,53,control,0.0157255
0,54,control,0.015506
3,54,control,0.015455
6,54,control,0.0154705
9,54,control,0.0155415
12,54,control,0.0154275
15,54,control,0.015472
18,54,control,0.015442000000000001
21,54,control,0.0154865
24,54,control,0.015482
27,54,control,0.0154475
30,54,control,0.0155215
33,54,control,0.0154865
36,54,control,0.0154645
39,54,control,0.015477
42,54,control,0.0154805
45,54,control,0.015483
48,54,control,0.0154815
0,55,control,0.015434
3,55,control,0.0154735
6,55,control,0.01546
9,55,control,0.0154805
12,55,control,0.015448
15,55,control,0.0154835
18,55,control,0.0154985
21,55,control,0.0154835
24,55,control,0.0154595
27,55,control,0.0154865
30,55,control,0.0154625
33,55,control,0.0154875
36,55,control,0.0154425
39,55,control,0.015482
42,55,control,0.015417
45,55,control,0.015414
48,55,control,0.0154805
0,56,control,0.015321
3,56,control,0.0153305
6,56,control,0.015248
9,56,control,0.0153085
12,56,control,0.015326
15,56,control,0.0152855
18,56,control,0.0153665
21,56,control,0.0152395
24,56,control,0.015339
27,56,control,0.0153415
30,56,control,0.0153155
33,56,control,0.01525
36,56,control,0.0153095
39,56,control,0.0153715
42,56,control,0.0153305
45,56,control,0.0153575
48,56,control,0.0152535
0,57,control,0.0154645
3,57,control,0.015424
6,57,control,0.0154025
9,57,control,0.0154995
12,57,control,0.0154895
15,57,control,0.015516
18,57,control,0.0154275
21,57,control,0.015498
24,57,control,0.015453
27,57,control,0.0155185
30,57,control,0.015461
33,57,control,0.015479
36,57,control,0.01536
39,57,control,0.015599
42,57,control,0.015425
45,57,control,0.0154495
48,57,control,0.01544
0,58,control,0.0156275
3,58,control,0.0156475
6,58,control,0.015743
9,58,control,0.0156585
12,58,control,0.0156245
15,58,control,0.0156715
18,58,control,0.015665
21,58,control,0.015694
24,58,control,0.015687
27,58,control,0.015684
30,58,control,0.015641
33,58,control,0.015683
36,58,control,0.015689
39,58,control,0.015653
42,58,control,0.015654
45,58,control,0.015634
48,58,control,0.0156455
0,59,control,0.01544
3,59,control,0.01542
6,59,control,0.0153555
9,59,control,0.0153795
12,59,control,0.0153795
15,59,control,0.015444
18,59,control,0.0155055
21,59,control,0.0154185
24,59,control,0.0153765
27,59,control,0.0154765
30,59,control,0.015383
33,59,control,0.0153285
36,59,control,0.0155265
39,59,control,0.0153475
42,59,control,0.015442000000000001
45,59,control,0.0154105
48,59,control,0.015463
0,6,control,0.015273
3,6,control,0.015188
6,6,control,0.0153075
9,6,control,0.015306
12,6,control,0.0153605
15,6,control,0.015227
18,6,control,0.015353
21,6,control,0.015306
24,6,control,0.015314
27,6,control,0.0152845
30,6,control,0.015291
33,6,control,0.0153915
36,6,control,0.015398
39,6,control,0.0153025
42,6,control,0.0152875
45,6,control,0.015274
48,6,control,0.015363
0,60,control,0.0154485
3,60,control,0.0154795
6,60,control,0.0154485
9,60,control,0.01543
12,60,control,0.015412
15,60,control,0.0154405
18,60,control,0.015436
21,60,control,0.015422
24,60,control,0.015451
27,60,control,0.015392
30,60,control,0.015369
33,60,control,0.0154395
36,60,control,0.015481
39,60,control,0.015397
42,60,control,0.0153565
45,60,control,0.015359
48,60,control,0.0154005
0,61,control,0.015495
3,61,control,0.015534
6,61,control,0.015476
9,61,control,0.015452
12,61,control,0.015443
15,61,control,0.0154755
18,61,control,0.0154515
21,61,control,0.0154535
24,61,control,0.015407
27,61,control,0.0154745
30,61,control,0.015432
33,61,control,0.01547
36,61,control,0.0154475
39,61,control,0.015463
42,61,control,0.015497
45,61,control,0.015483
48,61,control,0.015476
0,62,control,0.015481
3,62,control,0.0155315
6,62,control,0.0154665
9,62,control,0.0154705
12,62,control,0.015457
15,62,control,0.0155245
18,62,control,0.015494
21,62,control,0.0155045
24,62,control,0.0154695
27,62,control,0.015458
30,62,control,0.015516
33,62,control,0.015469
36,62,control,0.0154985
39,62,control,0.0154795
42,62,control,0.0153975
45,62,control,0.0154195
48,62,control,0.0154
0,63,control,0.0156415
3,63,control,0.0156
6,63,control,0.015584
9,63,control,0.015534
12,63,control,0.015596
15,63,control,0.0155405
18,63,control,0.015519
21,63,control,0.015572
24,63,control,0.0155805
27,63,control,0.01572
30,63,control,0.015608
33,63,control,0.015546
36,63,control,0.015576
39,63,control,0.015516
42,63,control,0.015619
45,63,control,0.0155905
48,63,control,0.0154975
0,64,control,0.0152855
3,64,control,0.0153495
6,64,control,0.0153045
9,64,control,0.015344
12,64,control,0.015368
15,64,control,0.0153455
18,64,control,0.0153665
21,64,control,0.01542
24,64,control,0.01538
27,64,control,0.015435
30,64,control,0.015351
33,64,control,0.015329
36,64,control,0.0153685
39,64,control,0.0153665
42,64,control,0.0154385
45,64,control,0.0153415
48,64,control,0.0153735
0,65,control,0.0154995
3,65,control,0.015462
6,65,control,0.0155205
9,65,control,0.0156545
12,65,control,0.015471
15,65,control,0.01553
18,65,control,0.0155495
21,65,control,0.01552
24,65,control,0.015504
27,65,control,0.0154605
30,65,control,0.015597
33,65,control,0.015563
36,65,control,0.015442000000000001
39,65,control,0.0155995
42,65,control,0.015511
45,65,control,0.015591
48,65,control,0.015589
0,66,control,0.015539
3,66,control,0.015503
6,66,control,0.0155015
9,66,control,0.0155345
12,66,control,0.0154935
15,66,control,0.015483
18,66,control,0.0155175
21,66,control,0.0154295
24,66,control,0.015491
27,66,control,0.0154845
30,66,control,0.015614
33,66,control,0.015532
36,66,control,0.01544
39,66,control,0.0155665
42,66,control,0.0154935
45,66,control,0.0154175
48,66,control,0.015485
0,67,control,0.015462
3,67,control,0.015514
6,67,control,0.015472
9,67,control,0.015611
12,67,control,0.0155025
15,67,control,0.015408
18,67,control,0.015484
21,67,control,0.015446
24,67,control,0.0155095
27,67,control,0.0155495
30,67,control,0.015562
33,67,control,0.015413
36,67,control,0.0154715
39,67,control,0.015514
42,67,control,0.01549
45,67,control,0.0155015
48,67,control,0.0155205
0,68,control,0.015454
3,68,control,0.015498
6,68,control,0.0155135
9,68,control,0.015502
12,68,control,0.0154865
15,68,control,0.01551
18,68,control,0.015474
21,68,control,0.0155275
24,68,control,0.015516
27,68,control,0.0155225
30,68,control,0.0155445
33,68,control,0.0154825
36,68,control,0.0155725
39,68,control,0.0154685
42,68,control,0.0154475
45,68,control,0.0155475
48,68,control,0.0154445
0,69,control,0.015407
3,69,control,0.015417
6,69,control,0.0154125
9,69,control,0.0154105
12,69,control,0.015419
15,69,control,0.0153835
18,69,control,0.0154495
21,69,control,0.01547
24,69,control,0.01542
27,69,control,0.0154805
30,69,control,0.0154295
33,69,control,0.01541
36,69,control,0.0154225
39,69,control,0.0154515
42,69,control,0.015417
45,69,control,0.015487
48,69,control,0.015441
0,7,control,0.0155545
3,7,control,0.015478
6,7,control,0.0155685
9,7,control,0.015528
12,7,control,0.015477
15,7,control,0.0155925
18,7,control,0.015524
21,7,control,0.015643
24,7,control,0.0155375
27,7,control,0.0155275
30,7,control,0.015493
33,7,control,0.0155165
36,7,control,0.0155485
39,7,control,0.015527
42,7,control,0.015571
45,7,control,0.015523
48,7,control,0.0155835
0,70,control,0.0155035
3,70,control,0.0154365
6,70,control,0.015566
9,70,control,0.015523
12,70,control,0.0155575
15,70,control,0.015599
18,70,control,0.0154235
21,70,control,0.015506
24,70,control,0.015546
27,70,control,0.0154625
30,70,control,0.015516
33,70,control,0.015548
36,70,control,0.015549
39,70,control,0.015476
42,70,control,0.01554
45,70,control,0.0156015
48,70,control,0.0154685
0,71,control,0.0151815
3,71,control,0.0152645
6,71,control,0.0152195
9,71,control,0.015292
12,71,control,0.015218
15,71,control,0.015357
18,71,control,0.015261
21,71,control,0.015356
24,71,control,0.015343
27,71,control,0.0153325
30,71,control,0.0152805
33,71,control,0.0152235
36,71,control,0.0152345
39,71,control,0.015324
42,71,control,0.0153715
45,71,control,0.015278
48,71,control,0.015254
0,72,control,0.0154725
3,72,control,0.015534
6,72,control,0.0155635
9,72,control,0.0155715
12,72,control,0.015535
15,72,control,0.0155875
18,72,control,0.0154895
21,72,control,0.015568
24,72,control,0.015622
27,72,control,0.015582500000000001
30,72,control,0.0155345
33,72,control,0.0156485
36,72,control,0.0155435
39,72,control,0.0156535
42,72,control,0.015618
45,72,control,0.015506
48,72,control,0.0155995
0,73,control,0.0155805
3,73,control,0.0155365
6,73,control,0.0155225
9,73,control,0.015537
12,73,control,0.015611
15,73,control,0.015575
18,73,control,0.0155845
21,73,control,0.015591
24,73,control,0.0155505
27,73,control,0.0154285
30,73,control,0.0155415
33,73,control,0.0156015
36,73,control,0.015572
39,73,control,0.0155345
42,73,control,0.0155665
45,73,control,0.0155295
48,73,control,0.0155115
0,74,control,0.0154695
3,74,control,0.0154445
6,74,control,0.015485
9,74,control,0.015466
12,74,control,0.0155115
15,74,control,0.0154795
18,74,control,0.0154625
21,74,control,0.015331
24,74,control,0.015548
27,74,control,0.0155
30,74,control,0.0153975
33,74,control,0.0154655
36,74,control,0.015474
39,74,control,0.0154635
42,74,control,0.015539
45,74,control,0.0154065
48,74,control,0.015481
0,75,control,0.015554
3,75,control,0.015573
6,75,control,0.0155745
9,75,control,0.015529
12,75,control,0.0155185
15,75,control,0.015576
18,75,control,0.015584
21,75,control,0.015624
24,75,control,0.0155255
27,75,control,0.015575
30,75,control,0.0155315
33,75,control,0.0154945
36,75,control,0.0155715
39,75,control,0.0155565
42,75,control,0.0155475
45,75,control,0.015472
48,75,control,0.0156125
0,76,control,0.015319
3,76,control,0.0152475
6,76,control,0.0154055
9,76,control,0.015414
12,76,control,0.0153985
15,76,control,0.015326
18,76,control,0.0153175
21,76,control,0.0153055
24,76,control,0.015284
27,76,control,0.0153675
30,76,control,0.015306
33,76,control,0.015374
36,76,control,0.015225
39,76,control,0.015256
42,76,control,0.015298
45,76,control,0.0153615
48,76,control,0.0153225
0,77,control,0.015412
3,77,control,0.0155245
6,77,control,0.0155115
9,77,control,0.0154295
12,77,control,0.015479
15,77,control,0.015416
18,77,control,0.015492
21,77,control,0.0155685
24,77,control,0.015378
27,77,control,0.015437
30,77,control,0.0154705
33,77,control,0.015516
36,77,control,0.0154615
39,77,control,0.0154635
42,77,control,0.015531
45,77,control,0.0154125
48,77,control,0.01549
0,78,control,0.015541
3,78,control,0.0154595
6,78,control,0.0156675
9,78,control,0.015571
12,78,control,0.015552
15,78,control,0.015525
18,78,control,0.015501
21,78,control,0.0155465
24,78,control,0.0154795
27,78,control,0.0155195
30,78,control,0.0155795
33,78,control,0.0155785
36,78,control,0.0155775
39,78,control,0.0155665
42,78,control,0.0155405
45,78,control,0.015503
48,78,control,0.0155995
0,79,control,0.0154905
3,79,control,0.0154765
6,79,control,0.01556
9,79,control,0.015523
12,79,control,0.0154465
15,79,control,0.015498
18,79,control,0.0155325
21,79,control,0.0155115
24,79,control,0.0155615
27,79,control,0.015473
30,79,control,0.0155255
33,79,control,0.015496
36,79,control,0.015482
39,79,control,0.015534
42,79,control,0.015471
45,79,control,0.015474
48,79,control,0.0154795
0,8,control,0.0153725
3,8,control,0.015386
6,8,control,0.0153665
9,8,control,0.0154605
12,8,control,0.015365
15,8,control,0.0154
18,8,control,0.0154035
21,8,control,0.015475
24,8,control,0.0153585
27,8,control,0.015347
30,8,control,0.0153925
33,8,control,0.015395
36,8,control,0.015406
39,8,control,0.0154515
42,8,control,0.0153685
45,8,control,0.0152945
48,8,control,0.0154605
0,80,control,0.015543
3,80,control,0.0155745
6,80,control,0.015647
9,80,control,0.015619
12,80,control,0.015632
15,80,control,0.015607
18,80,control,0.0155815
21,80,control,0.0156235
24,80,control,0.0156205
27,80,control,0.01561
30,80,control,0.0155445
33,80,control,0.015699
36,80,control,0.0155635
39,80,control,0.015598
42,80,control,0.015591
45,80,control,0.015589
48,80,control,0.0156
0,81,control,0.0155355
3,81,control,0.0155545
6,81,control,0.0155225
9,81,control,0.0155795
12,81,control,0.0156005
15,81,control,0.0155545
18,81,control,0.0155565
21,81,control,0.0154865
24,81,control,0.0155365
27,81,control,0.01544
30,81,control,0.0154935
33,81,control,0.015499
36,81,control,0.0155415
39,81,control,0.0155585
42,81,control,0.0155515
45,81,control,0.0155635
48,81,control,0.015583
0,82,control,0.0154135
3,82,control,0.015405
6,82,control,0.015398
9,82,control,0.0154475
12,82,control,0.0155005
15,82,control,0.0154785
18,82,control,0.01541
21,82,control,0.0154355
24,82,control,0.015411
27,82,control,0.015531
30,82,control,0.0154355
33,82,control,0.015396
36,82,control,0.0154835
39,82,control,0.0154105
42,82,control,0.0154735
45,82,control,0.015426
48,82,control,0.0154525
0,83,control,0.0154465
3,83,control,0.015407
6,83,control,0.015426
9,83,control,0.015383
12,83,control,0.0154855
15,83,control,0.015488
18,83,control,0.015448
21,83,control,0.0154245
24,83,control,0.01549
27,83,control,0.015377
30,83,control,0.015371
33,83,control,0.015465
36,83,control,0.0153625
39,83,control,0.015518
42,83,control,0.0154495
45,83,control,0.015499
48,83,control,0.0154595
0,84,control,0.015582500000000001
3,84,control,0.015487
6,84,control,0.0154735
9,84,control,0.0156075
12,84,control,0.015659
15,84,control,0.0155525
18,84,control,0.0155495
21,84,control,0.0156455
24,84,control,0.01553
27,84,control,0.0155795
30,84,control,0.0155075
33,84,control,0.015501
36,84,control,0.0155345
39,84,control,0.015477
42,84,control,0.015497
45,84,control,0.0155735
48,84,control,0.0154745
0,85,control,0.015528
3,85,control,0.015589
6,85,control,0.0155455
9,85,control,0.0155995
12,85,control,0.015504
15,85,control,0.015582
18,85,control,0.0154275
21,85,control,0.0154705
24,85,control,0.015514
27,85,control,0.015517
30,85,control,0.015492
33,85,control,0.015583
36,85,control,0.0155515
39,85,control,0.0155665
42,85,control,0.0154835
45,85,control,0.015592
48,85,control,0.015486
0,86,control,0.0154665
3,86,control,0.0154305
6,86,control,0.0155035
9,86,control,0.015464
12,86,control,0.015468
15,86,control,0.0154045
18,86,control,0.0154035
21,86,control,0.01545
24,86,control,0.0154865
27,86,control,0.0154585
30,86,control,0.0155085
33,86,control,0.0155275
36,86,control,0.015487
39,86,control,0.0154575
42,86,control,0.015509
45,86,control,0.0154405
48,86,control,0.0154075
0,87,control,0.0154865
3,87,control,0.015574
6,87,control,0.0155085
9,87,control,0.015553
12,87,control,0.01552
15,87,control,0.0154755
18,87,control,0.01553
21,87,control,0.015524
24,87,control,0.0154535
27,87,control,0.015511
30,87,control,0.0155545
33,87,control,0.0154875
36,87,control,0.0154915
39,87,control,0.015493
42,87,control,0.0155255
45,87,control,0.0155015
48,87,control,0.0154735
0,88,control,0.0154365
3,88,control,0.015482
6,88,control,0.015406
9,88,control,0.015469
12,88,control,0.01548
15,88,control,0.0153745
18,88,control,0.0154835
21,88,control,0.0154255
24,88,control,0.0154
27,88,control,0.015442000000000001
30,88,control,0.0154175
33,88,control,0.0153735
36,88,control,0.015441
39,88,control,0.0154415
42,88,control,0.0154375
45,88,control,0.015459
48,88,control,0.015418
0,89,control,0.0155505
3,89,control,0.0155235
6,89,control,0.0156005
9,89,control,0.0155385
12,89,control,0.015534
15,89,control,0.0156195
18,89,control,0.0155775
21,89,control,0.015569
24,89,control,0.015589
27,89,control,0.015582500000000001
30,89,control,0.0154965
33,89,control,0.0156575
36,89,control,0.015545
39,89,control,0.015461
42,89,control,0.0155065
45,89,control,0.015571
48,89,control,0.0155485
0,9,control,0.0155965
3,9,control,0.0157585
6,9,control,0.0157215
9,9,control,0.015709
12,9,control,0.0156675
15,9,control,0.0156525
18,9,control,0.015665
21,9,control,0.0156535
24,9,control,0.0156755
27,9,control,0.015712
30,9,control,0.0157385
33,9,control,0.0156935
36,9,control,0.015755
39,9,control,0.0157365
42,9,control,0.0157015
45,9,control,0.015655
48,9,control,0.015723
0,90,control,0.0155025
3,90,control,0.015469
6,90,control,0.015478
9,90,control,0.0155085
12,90,control,0.0154885
15,90,control,0.0155415
18,90,control,0.015426
21,90,control,0.015561
24,90,control,0.015459
27,90,control,0.015519
30,90,control,0.0155545
33,90,control,0.0154925
36,90,control,0.015433
39,90,control,0.015483
42,90,control,0.0154855
45,90,control,0.015486
48,90,control,0.0154535
0,91,control,0.01533
3,91,control,0.015374
6,91,control,0.015381
9,91,control,0.0153785
12,91,control,0.0153945
15,91,control,0.01535
18,91,control,0.015394
21,91,control,0.015392
24,91,control,0.0153495
27,91,control,0.0154255
30,91,control,0.0153515
33,91,control,0.0154015
36,91,control,0.015322
39,91,control,0.015363
42,91,control,0.015437
45,91,control,0.0154025
48,91,control,0.015384
0,92,control,0.015478
3,92,control,0.015357
6,92,control,0.015499
9,92,control,0.015407
12,92,control,0.015479
15,92,control,0.015413
18,92,control,0.015372
21,92,control,0.015476
24,92,control,0.015448
27,92,control,0.0153485
30,92,control,0.0153265
33,92,control,0.015415
36,92,control,0.0153855
39,92,control,0.015427
42,92,control,0.015455
45,92,control,0.015446
48,92,control,0.0153415
0,93,control,0.015446
3,93,control,0.015433
6,93,control,0.0155275
9,93,control,0.01549
12,93,control,0.0154995
15,93,control,0.0154525
18,93,control,0.015471
21,93,control,0.0154855
24,93,control,0.015488
27,93,control,0.0155645
30,93,control,0.015531
33,93,control,0.0154005
36,93,control,0.0154625
39,93,control,0.0154745
42,93,control,0.0154235
45,93,control,0.015495
48,93,control,0.015489
0,94,control,0.015412
3,94,control,0.0154285
6,94,control,0.0154075
9,94,control,0.015527
12,94,control,0.015442000000000001
15,94,control,0.0154605
18,94,control,0.0154235
21,94,control,0.0154565
24,94,control,0.015449
27,94,control,0.0153915
30,94,control,0.0155425
33,94,control,0.0154715
36,94,control,0.0154075
39,94,control,0.0155395
42,94,control,0.0154455
45,94,control,0.0154565
48,94,control,0.0153985
0,95,control,0.015456
3,95,control,0.015406
6,95,control,0.0154615
9,95,control,0.0154275
12,95,control,0.0154505
15,95,control,0.01546
18,95,control,0.015474
21,95,control,0.0153195
24,95,control,0.0154145
27,95,control,0.015449
30,95,control,0.015446
33,95,control,0.0154925
36,95,control,0.0154715
39,95,control,0.0154775
42,95,control,0.015369
45,95,control,0.0154315
48,95,control,0.0154545
0,96,control,0.015503
3,96,control,0.0154495
6,96,control,0.015411
9,96,control,0.015541
12,96,control,0.015492
15,96,control,0.015405
18,96,control,0.01547
21,96,control,0.0155575
24,96,control,0.0154745
27,96,control,0.0155445
30,96,control,0.0154145
33,96,control,0.015438
36,96,control,0.015456
39,96,control,0.015505
42,96,control,0.0154855
45,96,control,0.0154275
48,96,control,0.015527
0,97,control,0.015505
3,97,control,0.0154315
6,97,control,0.015457
9,97,control,0.0154445
12,97,control,0.015515
15,97,control,0.0154795
18,97,control,0.0154595
21,97,control,0.0154285
24,97,control,0.0154945
27,97,control,0.0154385
30,97,control,0.015509
33,97,control,0.015516
36,97,control,0.015449
39,97,control,0.0153835
42,97,control,0.0154745
45,97,control,0.015371
48,97,control,0.0154385
0,98,control,0.015282
3,98,control,0.0154195
6,98,control,0.015379
9,98,control,0.015292
12,98,control,0.0152855
15,98,control,0.015406
18,98,control,0.0153545
21,98,control,0.015427
24,98,control,0.015317
27,98,control,0.0154215
30,98,control,0.0154185
33,98,control,0.0154675
36,98,control,0.015351
39,98,control,0.0153745
42,98,control,0.015398
45,98,control,0.015361
48,98,control,0.0153275
0,99,control,0.015444
3,99,control,0.015345
6,99,control,0.015354
9,99,control,0.0153285
12,99,control,0.015433
15,99,control,0.015402
18,99,control,0.015396
21,99,control,0.015278
24,99,control,0.0153465
27,99,control,0.015448
30,99,control,0.015356
33,99,control,0.015307
36,99,control,0.015331
39,99,control,0.0153815
42,99,control,0.015445
45,99,control,0.015364
48,99,control,0.015437
0,1,intervention,0.0112295
3,1,intervention,0.011365
6,1,intervention,0.011648499999999999
9,1,intervention,0.011905
12,1,intervention,0.0124375
15,1,intervention,0.012569
18,1,intervention,0.012578
21,1,intervention,0.01311
24,1,intervention,0.0136025
27,1,intervention,0.0139055
30,1,intervention,0.0142495
33,1,intervention,0.0149055
36,1,intervention,0.015369
39,1,intervention,0.015372
42,1,intervention,0.015304
45,1,intervention,0.0153705
48,1,intervention,0.0153665
0,10,intervention,0.011514
3,10,intervention,0.0118095
6,10,intervention,0.0120255
9,10,intervention,0.012317
12,10,intervention,0.012364
15,10,intervention,0.0125525
18,10,intervention,0.0129805
21,10,intervention,0.013334
24,10,intervention,0.0135685
27,10,intervention,0.01403
30,10,intervention,0.014388
33,10,intervention,0.0150995
36,10,intervention,0.0154815
39,10,intervention,0.0155975
42,10,intervention,0.0155435
45,10,intervention,0.01548
48,10,intervention,0.0155035
0,100,intervention,0.011442
3,100,intervention,0.011677
6,100,intervention,0.0118095
9,100,intervention,0.0118855
12,100,intervention,0.0123175
15,100,intervention,0.012711
18,100,intervention,0.01296
21,100,intervention,0.013495
24,100,intervention,0.01374
27,100,intervention,0.0141175
30,100,intervention,0.014487
33,100,intervention,0.0150845
36,100,intervention,0.0154565
39,100,intervention,0.0155955
42,100,intervention,0.015592
45,100,intervention,0.015645
48,100,intervention,0.0156395
0,11,intervention,0.0111915
3,11,intervention,0.0114865
6,11,intervention,0.011593
9,11,intervention,0.0118365
12,11,intervention,0.012101
15,11,intervention,0.0123425
18,11,intervention,0.0124765
21,11,intervention,0.012992
24,11,intervention,0.0136035
27,11,intervention,0.0139945
30,11,intervention,0.014436
33,11,intervention,0.0150095
36,11,intervention,0.0155445
39,11,intervention,0.015528
42,11,intervention,0.015633
45,11,intervention,0.0155505
48,11,intervention,0.015537
0,12,intervention,0.011649
3,12,intervention,0.011935
6,12,intervention,0.0121
9,12,intervention,0.012208
12,12,intervention,0.0125195
15,12,intervention,0.01271
18,12,intervention,0.013056
21,12,intervention,0.013425
24,12,intervention,0.0138155
27,12,intervention,0.0142185
30,12,intervention,0.0146645
33,12,intervention,0.0152285
36,12,intervention,0.01557
39,12,intervention,0.0156455
42,12,intervention,0.0156475
45,12,intervention,0.015619
48,12,intervention,0.015661
0,13,intervention,0.011387
3,13,intervention,0.0115075
6,13,intervention,0.0117795
9,13,intervention,0.0121885
12,13,intervention,0.012252
15,13,intervention,0.012664
18,13,intervention,0.0127975
21,13,intervention,0.013212
24,13,intervention,0.013614
27,13,intervention,0.0138985
30,13,intervention,0.0145985
33,13,intervention,0.0149865
36,13,intervention,0.0154485
39,13,intervention,0.01552
42,13,intervention,0.0154895
45,13,intervention,0.0154725
48,13,intervention,0.015498
0,14,intervention,0.011026
3,14,intervention,0.0113425
6,14,intervention,0.0113945
9,14,intervention,0.011833
12,14,intervention,0.0119655
15,14,intervention,0.012077
18,14,intervention,0.0125055
21,14,intervention,0.012871
24,14,intervention,0.0133525
27,14,intervention,0.013717
30,14,intervention,0.014445
33,14,intervention,0.014764
36,14,intervention,0.015521
39,14,intervention,0.015446
42,14,intervention,0.015383
45,14,intervention,0.015422
48,14,intervention,0.01543
0,15,intervention,0.011487
3,15,intervention,0.0117355
6,15,intervention,0.0119015
9,15,intervention,0.012207
12,15,intervention,0.0125035
15,15,intervention,0.0129095
18,15,intervention,0.0130175
21,15,intervention,0.0134185
24,15,intervention,0.013697
27,15,intervention,0.013907
30,15,intervention,0.0144375
33,15,intervention,0.0150295
36,15,intervention,0.015438
39,15,intervention,0.0154635
42,15,intervention,0.0155365
45,15,intervention,0.0154975
48,15,intervention,0.0155495
0,16,intervention,0.0116095
3,16,intervention,0.0117585
6,16,intervention,0.011953
9,16,intervention,0.011958
12,16,intervention,0.012216
15,16,intervention,0.0125045
18,16,intervention,0.01284
21,16,intervention,0.0131985
24,16,intervention,0.0134755
27,16,intervention,0.0139385
30,16,intervention,0.0144675
33,16,intervention,0.015083
36,16,intervention,0.015605
39,16,intervention,0.0155885
42,16,intervention,0.015509
45,16,intervention,0.0155895
48,16,intervention,0.015581
0,17,intervention,0.011547
3,17,intervention,0.0117635
6,17,intervention,0.0118805
9,17,intervention,0.012239
12,17,intervention,0.012438
15,17,intervention,0.0126135
18,17,intervention,0.01301
21,17,intervention,0.0130885
24,17,intervention,0.013829
27,17,intervention,0.014103
30,17,intervention,0.014608
33,17,intervention,0.01513
36,17,intervention,0.015553
39,17,intervention,0.0156
42,17,intervention,0.0155325
45,17,intervention,0.0156165
48,17,intervention,0.0155115
0,18,intervention,0.011378
3,18,intervention,0.0114445
6,18,intervention,0.0117625
9,18,intervention,0.0118135
12,18,intervention,0.012217
15,18,intervention,0.0127325
18,18,intervention,0.012987
21,18,intervention,0.013226
24,18,intervention,0.0136905
27,18,intervention,0.0142235
30,18,intervention,0.014726
33,18,intervention,0.015255
36,18,intervention,0.01574
39,18,intervention,0.015705
42,18,intervention,0.0156985
45,18,intervention,0.015762
48,18,intervention,0.015707
0,19,intervention,0.011681
3,19,intervention,0.011869
6,19,intervention,0.0120555
9,19,intervention,0.012295
12,19,intervention,0.0123185
15,19,intervention,0.0126345
18,19,intervention,0.013038
21,19,intervention,0.0131705
24,19,intervention,0.0137095
27,19,intervention,0.014106
30,19,intervention,0.014366
33,19,intervention,0.0150005
36,19,intervention,0.0155835
39,19,intervention,0.015482
42,19,intervention,0.0155945
45,19,intervention,0.015571
48,19,intervention,0.015619
0,2,intervention,0.0113725
3,2,intervention,0.01136
6,2,intervention,0.011653
9,2,intervention,0.011937
12,2,intervention,0.012112
15,2,intervention,0.0123175
18,2,intervention,0.0126065
21,2,intervention,0.0129505
24,2,intervention,0.0132965
27,2,intervention,0.013574
30,2,intervention,0.0142225
33,2,intervention,0.014716
36,2,intervention,0.015238
39,2,intervention,0.015256
42,2,intervention,0.015313
45,2,intervention,0.0152515
48,2,intervention,0.0152865
0,20,intervention,0.0112625
3,20,intervention,0.011592
6,20,intervention,0.011674
9,20,intervention,0.012142
12,20,intervention,0.012332
15,20,intervention,0.01245
18,20,intervention,0.012831
21,20,intervention,0.0130735
24,20,intervention,0.0135355
27,20,intervention,0.0136985
30,20,intervention,0.014395
33,20,intervention,0.014983
36,20,intervention,0.015422
39,20,intervention,0.015522
42,20,intervention,0.015524
45,20,intervention,0.015564
48,20,intervention,0.0154845
0,21,intervention,0.011019
3,21,intervention,0.011261
6,21,intervention,0.011492
9,21,intervention,0.011958
12,21,intervention,0.0121175
15,21,intervention,0.012199
18,21,intervention,0.0126105
21,21,intervention,0.0129305
24,21,intervention,0.013472
27,21,intervention,0.014013
30,21,intervention,0.014403
33,21,intervention,0.0148965
36,21,intervention,0.0154055
39,21,intervention,0.0153975
42,21,intervention,0.0154285
45,21,intervention,0.015451
48,21,intervention,0.015399
0,22,intervention,0.011389
3,22,intervention,0.011748
6,22,intervention,0.0117375
9,22,intervention,0.011829
12,22,intervention,0.012391
15,22,intervention,0.0125225
18,22,intervention,0.0128635
21,22,intervention,0.012891
24,22,intervention,0.0134655
27,22,intervention,0.014033
30,22,intervention,0.0145485
33,22,intervention,0.0149465
36,22,intervention,0.015417
39,22,intervention,0.015449
42,22,intervention,0.0154295
45,22,intervention,0.015547
48,22,intervention,0.0154975
0,23,intervention,0.0115275
3,23,intervention,0.01167
6,23,intervention,0.0118615
9,23,intervention,0.012179
12,23,intervention,0.012544
15,23,intervention,0.0125705
18,23,intervention,0.013022
21,23,intervention,0.0132675
24,23,intervention,0.013544
27,23,intervention,0.01403
30,23,intervention,0.0144055
33,23,intervention,0.0149665
36,23,intervention,0.015391
39,23,intervention,0.0153955
42,23,intervention,0.0154175
45,23,intervention,0.015408
48,23,intervention,0.015328
0,24,intervention,0.011219
3,24,intervention,0.0112445
6,24,intervention,0.011601
9,24,intervention,0.011731
12,24,intervention,0.012152
15,24,intervention,0.012162
18,24,intervention,0.012756
21,24,intervention,0.0130725
24,24,intervention,0.0133915
27,24,intervention,0.0140105
30,24,intervention,0.014353
33,24,intervention,0.015031
36,24,intervention,0.0155115
39,24,intervention,0.0154345
42,24,intervention,0.01542
45,24,intervention,0.0154305
48,24,intervention,0.015408
0,25,intervention,0.0111215
3,25,intervention,0.011328
6,25,intervention,0.011418
9,25,intervention,0.011806
12,25,intervention,0.0119975
15,25,intervention,0.0120635
18,25,intervention,0.0124465
21,25,intervention,0.0127525
24,25,intervention,0.0133065
27,25,intervention,0.013682
30,25,intervention,0.0139255
33,25,intervention,0.0147735
36,25,intervention,0.0152915
39,25,intervention,0.0153355
42,25,intervention,0.0152915
45,25,intervention,0.015221
48,25,intervention,0.015297
0,26,intervention,0.0115045
3,26,intervention,0.0117595
6,26,intervention,0.01201
9,26,intervention,0.0122175
12,26,intervention,0.012351000000000001
15,26,intervention,0.012655
18,26,intervention,0.012753
21,26,intervention,0.0131395
24,26,intervention,0.013614
27,26,intervention,0.0141905
30,26,intervention,0.0147435
33,26,intervention,0.0151015
36,26,intervention,0.01546
39,26,intervention,0.0155475
42,26,intervention,0.015643
45,26,intervention,0.015551
48,26,intervention,0.0155155
0,27,intervention,0.011273
3,27,intervention,0.011462
6,27,intervention,0.0116745
9,27,intervention,0.012008
12,27,intervention,0.012016
15,27,intervention,0.0123385
18,27,intervention,0.0126305
21,27,intervention,0.012908
24,27,intervention,0.013194000000000001
27,27,intervention,0.013938
30,27,intervention,0.0143965
33,27,intervention,0.014743
36,27,intervention,0.015274
39,27,intervention,0.015273
42,27,intervention,0.015282
45,27,intervention,0.015309
48,27,intervention,0.0154015
0,28,intervention,0.011338
3,28,intervention,0.0115055
6,28,intervention,0.0115325
9,28,intervention,0.011883
12,28,intervention,0.0121585
15,28,intervention,0.01252
18,28,intervention,0.012825
21,28,intervention,0.0131605
24,28,intervention,0.01345
27,28,intervention,0.013748
30,28,intervention,0.014451
33,28,intervention,0.0149855
36,28,intervention,0.015329
39,28,intervention,0.0153855
42,28,intervention,0.015419
45,28,intervention,0.015333
48,28,intervention,0.0154315
0,29,intervention,0.011297
3,29,intervention,0.01147
6,29,intervention,0.011693
9,29,intervention,0.0120715
12,29,intervention,0.012275
15,29,intervention,0.0124795
18,29,intervention,0.012757
21,29,intervention,0.0131935
24,29,intervention,0.013345
27,29,intervention,0.013855
30,29,intervention,0.0144075
33,29,intervention,0.0151165
36,29,intervention,0.0154785
39,29,intervention,0.0153975
42,29,intervention,0.015454
45,29,intervention,0.015457
48,29,intervention,0.015517
0,3,intervention,0.011466
3,3,intervention,0.0115655
6,3,intervention,0.011957
9,3,intervention,0.0120545
12,3,intervention,0.012157
15,3,intervention,0.0124025
18,3,intervention,0.012575
21,3,intervention,0.012887
24,3,intervention,0.013336
27,3,intervention,0.0136405
30,3,intervention,0.0143725
33,3,intervention,0.0149275
36,3,intervention,0.0154635
39,3,intervention,0.0154025
42,3,intervention,0.015404
45,3,intervention,0.0154705
48,3,intervention,0.0154695
0,30,intervention,0.011266
3,30,intervention,0.0115595
6,30,intervention,0.011672
9,30,intervention,0.01217
12,30,intervention,0.0121165
15,30,intervention,0.012467
18,30,intervention,0.012917
21,30,intervention,0.013137
24,30,intervention,0.0135475
27,30,intervention,0.0138985
30,30,intervention,0.014497
33,30,intervention,0.014978
36,30,intervention,0.015546
39,30,intervention,0.015532
42,30,intervention,0.015491
45,30,intervention,0.015573
48,30,intervention,0.015546
0,31,intervention,0.011578
3,31,intervention,0.011774
6,31,intervention,0.0119775
9,31,intervention,0.0123835
12,31,intervention,0.0125485
15,31,intervention,0.012736
18,31,intervention,0.0132195
21,31,intervention,0.013421
24,31,intervention,0.0139435
27,31,intervention,0.0142195
30,31,intervention,0.0148835
33,31,intervention,0.01513
36,31,intervention,0.0157725
39,31,intervention,0.0157935
42,31,intervention,0.0157015
45,31,intervention,0.015843
48,31,intervention,0.015809
0,32,intervention,0.0116345
3,32,intervention,0.0118025
6,32,intervention,0.0119535
9,32,intervention,0.0122545
12,32,intervention,0.012541
15,32,intervention,0.012652
18,32,intervention,0.0129315
21,32,intervention,0.013088
24,32,intervention,0.01364
27,32,intervention,0.0141875
30,32,intervention,0.014611
33,32,intervention,0.014957
36,32,intervention,0.0156305
39,32,intervention,0.0155875
42,32,intervention,0.015627
45,32,intervention,0.0155785
48,32,intervention,0.015657
0,33,intervention,0.0111945
3,33,intervention,0.011492
6,33,intervention,0.011494
9,33,intervention,0.011769
12,33,intervention,0.0119875
15,33,intervention,0.0122915
18,33,intervention,0.012771
21,33,intervention,0.0131045
24,33,intervention,0.013454
27,33,intervention,0.013816
30,33,intervention,0.014373
33,33,intervention,0.01467
36,33,intervention,0.0153475
39,33,intervention,0.015365
42,33,intervention,0.01531
45,33,intervention,0.0154505
48,33,intervention,0.01548
0,34,intervention,0.0112295
3,34,intervention,0.0115945
6,34,intervention,0.0118135
9,34,intervention,0.012043
12,34,intervention,0.012094
15,34,intervention,0.01247
18,34,intervention,0.0127465
21,34,intervention,0.0129555
24,34,intervention,0.013475000000000001
27,34,intervention,0.01384
30,34,intervention,0.014235
33,34,intervention,0.0149785
36,34,intervention,0.015401
39,34,intervention,0.0154665
42,34,intervention,0.015434
45,34,intervention,0.015468
48,34,intervention,0.0153925
0,35,intervention,0.0115135
3,35,intervention,0.0114925
6,35,intervention,0.01186
9,35,intervention,0.011901
12,35,intervention,0.012445
15,35,intervention,0.0127995
18,35,intervention,0.0129405
21,35,intervention,0.0132905
24,35,intervention,0.0134275
27,35,intervention,0.013823
30,35,intervention,0.014475
33,35,intervention,0.0151485
36,35,intervention,0.015451
39,35,intervention,0.015465
42,35,intervention,0.0155195
45,35,intervention,0.0155235
48,35,intervention,0.01545
0,36,intervention,0.0114895
3,36,intervention,0.011643
6,36,intervention,0.011924
9,36,intervention,0.0121595
12,36,intervention,0.012371
15,36,intervention,0.0127555
18,36,intervention,0.0129985
21,36,intervention,0.0131265
24,36,intervention,0.0136375
27,36,intervention,0.014017
30,36,intervention,0.014595
33,36,intervention,0.0150425
36,36,intervention,0.015566
39,36,intervention,0.0155655
42,36,intervention,0.0155495
45,36,intervention,0.015614
48,36,intervention,0.015564
0,37,intervention,0.0113475
3,37,intervention,0.011667
6,37,intervention,0.011745
9,37,intervention,0.012017
12,37,intervention,0.0121075
15,37,intervention,0.012435
18,37,intervention,0.0128955
21,37,intervention,0.0130055
24,37,intervention,0.013556
27,37,intervention,0.013809
30,37,intervention,0.014428
33,37,intervention,0.0150185
36,37,intervention,0.0154675
39,37,intervention,0.015463
42,37,intervention,0.015426
45,37,intervention,0.015433
48,37,intervention,0.0154755
0,38,intervention,0.011439
3,38,intervention,0.011799
6,38,intervention,0.0118285
9,38,intervention,0.0122055
12,38,intervention,0.01246
15,38,intervention,0.0126375
18,38,intervention,0.0130955
21,38,intervention,0.013314
24,38,intervention,0.0137765
27,38,intervention,0.014067
30,38,intervention,0.0143725
33,38,intervention,0.0151645
36,38,intervention,0.015644
39,38,intervention,0.0155995
42,38,intervention,0.015611
45,38,intervention,0.0155675
48,38,intervention,0.0156335
0,39,intervention,0.011414
3,39,intervention,0.0118515
6,39,intervention,0.0120375
9,39,intervention,0.012129
12,39,intervention,0.01239
15,39,intervention,0.0127215
18,39,intervention,0.013075
21,39,intervention,0.0131635
24,39,intervention,0.013756000000000001
27,39,intervention,0.014048
30,39,intervention,0.0145215
33,39,intervention,0.0149245
36,39,intervention,0.01551
39,39,intervention,0.015537
42,39,intervention,0.0155205
45,39,intervention,0.0155745
48,39,intervention,0.015531
0,4,intervention,0.011562
3,4,intervention,0.011821
6,4,intervention,0.0119475
9,4,intervention,0.012093
12,4,intervention,0.0124905
15,4,intervention,0.012675
18,4,intervention,0.0130745
21,4,intervention,0.0135915
24,4,intervention,0.0137465
27,4,intervention,0.0142055
30,4,intervention,0.0144895
33,4,intervention,0.015234
36,4,intervention,0.015528
39,4,intervention,0.015668
42,4,intervention,0.015645
45,4,intervention,0.0155085
48,4,intervention,0.0155655
0,40,intervention,0.0114195
3,40,intervention,0.0116215
6,40,intervention,0.011747
9,40,intervention,0.0119915
12,40,intervention,0.012349
15,40,intervention,0.0126935
18,40,intervention,0.012727
21,40,intervention,0.0130875
24,40,intervention,0.013532
27,40,intervention,0.014
30,40,intervention,0.0144485
33,40,intervention,0.0151315
36,40,intervention,0.015517
39,40,intervention,0.0155935
42,40,intervention,0.0154515
45,40,intervention,0.0156145
48,40,intervention,0.0155625
0,41,intervention,0.0111595
3,41,intervention,0.0112895
6,41,intervention,0.0115335
9,41,intervention,0.0115975
12,41,intervention,0.0118215
15,41,intervention,0.0120685
18,41,intervention,0.0123815
21,41,intervention,0.0127765
24,41,intervention,0.0133395
27,41,intervention,0.0137955
30,41,intervention,0.014027
33,41,intervention,0.014764
36,41,intervention,0.015153
39,41,intervention,0.0152845
42,41,intervention,0.015075
45,41,intervention,0.0151345
48,41,intervention,0.015222
0,42,intervention,0.0115325
3,42,intervention,0.0116855
6,42,intervention,0.011801
9,42,intervention,0.012148
12,42,intervention,0.0125
15,42,intervention,0.0126595
18,42,intervention,0.0129825
21,42,intervention,0.013259
24,42,intervention,0.013674
27,42,intervention,0.0141345
30,42,intervention,0.0145865
33,42,intervention,0.015143
36,42,intervention,0.015595
39,42,intervention,0.0155425
42,42,intervention,0.0156265
45,42,intervention,0.0154665
48,42,intervention,0.015589
0,43,intervention,0.0116035
3,43,intervention,0.011809
6,43,intervention,0.012012
9,43,intervention,0.0122245
12,43,intervention,0.0123425
15,43,intervention,0.012773
18,43,intervention,0.012958
21,43,intervention,0.0133655
24,43,intervention,0.013599
27,43,intervention,0.014083
30,43,intervention,0.014588
33,43,intervention,0.015085
36,43,intervention,0.0155015
39,43,intervention,0.015446
42,43,intervention,0.015417
45,43,intervention,0.0154675
48,43,intervention,0.015444
0,44,intervention,0.011306
3,44,intervention,0.011511
6,44,intervention,0.0116355
9,44,intervention,0.0117575
12,44,intervention,0.012262
15,44,intervention,0.012758
18,44,intervention,0.0127205
21,44,intervention,0.0130165
24,44,intervention,0.0137585
27,44,intervention,0.0138795
30,44,intervention,0.014369
33,44,intervention,0.0149035
36,44,intervention,0.0154485
39,44,intervention,0.01544
42,44,intervention,0.015564
45,44,intervention,0.015425
48,44,intervention,0.015459
0,45,intervention,0.011796
3,45,intervention,0.0119635
6,45,intervention,0.0121255
9,45,intervention,0.012444
12,45,intervention,0.0124235
15,45,intervention,0.0129335
18,45,intervention,0.013216
21,45,intervention,0.0133265
24,45,intervention,0.013828
27,45,intervention,0.0139655
30,45,intervention,0.0147325
33,45,intervention,0.015151
36,45,intervention,0.015633
39,45,intervention,0.015684
42,45,intervention,0.015654
45,45,intervention,0.0155755
48,45,intervention,0.015619
0,46,intervention,0.0113305
3,46,intervention,0.0115285
6,46,intervention,0.0117815
9,46,intervention,0.0117935
12,46,intervention,0.0122185
15,46,intervention,0.0124135
18,46,intervention,0.0127045
21,46,intervention,0.0130865
24,46,intervention,0.0133735
27,46,intervention,0.0136825
30,46,intervention,0.013933
33,46,intervention,0.014918
36,46,intervention,0.0152595
39,46,intervention,0.015259
42,46,intervention,0.015198
45,46,intervention,0.0152445
48,46,intervention,0.015333
0,47,intervention,0.011563
3,47,intervention,0.011711
6,47,intervention,0.0119255
9,47,intervention,0.0119445
12,47,intervention,0.012313
15,47,intervention,0.0127055
18,47,intervention,0.0131695
21,47,intervention,0.0132715
24,47,intervention,0.0136425
27,47,intervention,0.013905
30,47,intervention,0.0144515
33,47,intervention,0.0149895
36,47,intervention,0.0156025
39,47,intervention,0.0155015
42,47,intervention,0.0155945
45,47,intervention,0.0155215
48,47,intervention,0.01558
0,48,intervention,0.011456
3,48,intervention,0.011572
6,48,intervention,0.0117695
9,48,intervention,0.012091
12,48,intervention,0.012288
15,48,intervention,0.0124115
18,48,intervention,0.0129115
21,48,intervention,0.0132005
24,48,intervention,0.013462
27,48,intervention,0.014225
30,48,intervention,0.0143645
33,48,intervention,0.0150765
36,48,intervention,0.015458
39,48,intervention,0.01552
42,48,intervention,0.015506
45,48,intervention,0.0155495
48,48,intervention,0.015483
0,49,intervention,0.011564
3,49,intervention,0.0118345
6,49,intervention,0.0120025
9,49,intervention,0.0122865
12,49,intervention,0.0125015
15,49,intervention,0.0127345
18,49,intervention,0.013044
21,49,intervention,0.0132945
24,49,intervention,0.013711
27,49,intervention,0.0140595
30,49,intervention,0.01461
33,49,intervention,0.0150605
36,49,intervention,0.0156275
39,49,intervention,0.0156235
42,49,intervention,0.015623
45,49,intervention,0.015618
48,49,intervention,0.015561
0,5,intervention,0.0115375
3,5,intervention,0.011794
6,5,intervention,0.011946
9,5,intervention,0.012127
12,5,intervention,0.0121815
15,5,intervention,0.0123495
18,5,intervention,0.0124905
21,5,intervention,0.013206
24,5,intervention,0.013407
27,5,intervention,0.013936
30,5,intervention,0.0144655
33,5,intervention,0.01508
36,5,intervention,0.015469
39,5,intervention,0.0154765
42,5,intervention,0.015544
45,5,intervention,0.0154635
48,5,intervention,0.015615
0,50,intervention,0.0112295
3,50,intervention,0.011668
6,50,intervention,0.0118635
9,50,intervention,0.011836
12,50,intervention,0.012162
15,50,intervention,0.0124285
18,50,intervention,0.012972
21,50,intervention,0.0129995
24,50,intervention,0.013495
27,50,intervention,0.0139755
30,50,intervention,0.014289
33,50,intervention,0.0151075
36,50,intervention,0.0154635
39,50,intervention,0.015552
42,50,intervention,0.015486
45,50,intervention,0.0154885
48,50,intervention,0.0155025
0,51,intervention,0.0114
3,51,intervention,0.011589
6,51,intervention,0.0119165
9,51,intervention,0.0119705
12,51,intervention,0.012329
15,51,intervention,0.0124935
18,51,intervention,0.0126595
21,51,intervention,0.0131525
24,51,intervention,0.013476
27,51,intervention,0.0139065
30,51,intervention,0.014424
33,51,intervention,0.0150335
36,51,intervention,0.015435
39,51,intervention,0.0153985
42,51,intervention,0.0153225
45,51,intervention,0.0153275
48,51,intervention,0.0153315
0,52,intervention,0.0114005
3,52,intervention,0.011519
6,52,intervention,0.011704
9,52,intervention,0.0120925
12,52,intervention,0.0121525
15,52,intervention,0.012499
18,52,intervention,0.012737
21,52,intervention,0.0129205
24,52,intervention,0.013344
27,52,intervention,0.0139475
30,52,intervention,0.0143535
33,52,intervention,0.01503
36,52,intervention,0.015341
39,52,intervention,0.0153875
42,52,intervention,0.0154355
45,52,intervention,0.015364
48,52,intervention,0.0154255
0,53,intervention,0.0115865
3,53,intervention,0.0117685
6,53,intervention,0.012047
9,53,intervention,0.0123545
12,53,intervention,0.012465
15,53,intervention,0.0126965
18,53,intervention,0.0128745
21,53,intervention,0.0132495
24,53,intervention,0.013545
27,53,intervention,0.014045
30,53,intervention,0.014757
33,53,intervention,0.0151455
36,53,intervention,0.0157085
39,53,intervention,0.015658
42,53,intervention,0.015648
45,53,intervention,0.0156235
48,53,intervention,0.0156165
0,54,intervention,0.011214
3,54,intervention,0.011276
6,54,intervention,0.0115915
9,54,intervention,0.0118925
12,54,intervention,0.0121935
15,54,intervention,0.0125085
18,54,intervention,0.012495
21,54,intervention,0.013069
24,54,intervention,0.013517
27,54,intervention,0.013703
30,54,intervention,0.0143935
33,54,intervention,0.0150095
36,54,intervention,0.015574
39,54,intervention,0.0154945
42,54,intervention,0.015461
45,54,intervention,0.0155735
48,54,intervention,0.015424
0,55,intervention,0.0112695
3,55,intervention,0.011678
6,55,intervention,0.01193
9,55,intervention,0.011883
12,55,intervention,0.012306
15,55,intervention,0.0124335
18,55,intervention,0.0126645
21,55,intervention,0.013137
24,55,intervention,0.0134335
27,55,intervention,0.0138315
30,55,intervention,0.0144495
33,55,intervention,0.0148575
36,55,intervention,0.015397
39,55,intervention,0.015498
42,55,intervention,0.015357
45,55,intervention,0.015368
48,55,intervention,0.0154645
0,56,intervention,0.0114515
3,56,intervention,0.0114365
6,56,intervention,0.0117785
9,56,intervention,0.011977
12,56,intervention,0.012146
15,56,intervention,0.012252
18,56,intervention,0.012489
21,56,intervention,0.012825
24,56,intervention,0.013233
27,56,intervention,0.01374
30,56,intervention,0.014106
33,56,intervention,0.014569
36,56,intervention,0.015174
39,56,intervention,0.0152355
42,56,intervention,0.0153425
45,56,intervention,0.015208
48,56,intervention,0.015214
0,57,intervention,0.0112205
3,57,intervention,0.011437
6,57,intervention,0.0116185
9,57,intervention,0.011968
12,57,intervention,0.012383
15,57,intervention,0.012778
18,57,intervention,0.0129065
21,57,intervention,0.0131885
24,57,intervention,0.013431
27,57,intervention,0.0140255
30,57,intervention,0.014497
33,57,intervention,0.014948
36,57,intervention,0.0154925
39,57,intervention,0.015565
42,57,intervention,0.015521
45,57,intervention,0.0155725
48,57,intervention,0.015556
0,58,intervention,0.011517
3,58,intervention,0.011553
6,58,intervention,0.011764
9,58,intervention,0.012032
12,58,intervention,0.0121805
15,58,intervention,0.012453
18,58,intervention,0.012819
21,58,intervention,0.0131925
24,58,intervention,0.0135415
27,58,intervention,0.01396
30,58,intervention,0.014613
33,58,intervention,0.0152965
36,58,intervention,0.015712
39,58,intervention,0.0156675
42,58,intervention,0.0156775
45,58,intervention,0.015675
48,58,intervention,0.015697
0,59,intervention,0.0113185
3,59,intervention,0.011628
6,59,intervention,0.0116755
9,59,intervention,0.0118795
12,59,intervention,0.012225
15,59,intervention,0.0126065
18,59,intervention,0.013107
21,59,intervention,0.0131495
24,59,intervention,0.0135305
27,59,intervention,0.0136905
30,59,intervention,0.014509
33,59,intervention,0.0149165
36,59,intervention,0.0153305
39,59,intervention,0.0154015
42,59,intervention,0.015425
45,59,intervention,0.015323
48,59,intervention,0.0153815
0,6,intervention,0.0113475
3,6,intervention,0.01153
6,6,intervention,0.0118905
9,6,intervention,0.0121035
12,6,intervention,0.012333
15,6,intervention,0.012509
18,6,intervention,0.0128015
21,6,intervention,0.0130655
24,6,intervention,0.013381
27,6,intervention,0.013906
30,6,intervention,0.0144285
33,6,intervention,0.0149005
36,6,intervention,0.015421
39,6,intervention,0.015456
42,6,intervention,0.015374
45,6,intervention,0.0154285
48,6,intervention,0.0154455
0,60,intervention,0.011339
3,60,intervention,0.0116145
6,60,intervention,0.0117825
9,60,intervention,0.012025
12,60,intervention,0.0124425
15,60,intervention,0.012579
18,60,intervention,0.0127995
21,60,intervention,0.0132145
24,60,intervention,0.0136165
27,60,intervention,0.013793
30,60,intervention,0.0145155
33,60,intervention,0.015148
36,60,intervention,0.0155335
39,60,intervention,0.0154795
42,60,intervention,0.0155005
45,60,intervention,0.015553
48,60,intervention,0.015494
0,61,intervention,0.011348
3,61,intervention,0.011611
6,61,intervention,0.0117225
9,61,intervention,0.0120435
12,61,intervention,0.0121875
15,61,intervention,0.012545
18,61,intervention,0.012899
21,61,intervention,0.013214
24,61,intervention,0.013536
27,61,intervention,0.014083
30,61,intervention,0.0143
33,61,intervention,0.0148205
36,61,intervention,0.0154085
39,61,intervention,0.0153935
42,61,intervention,0.0153695
45,61,intervention,0.015388
48,61,intervention,0.015427
0,62,intervention,0.0110715
3,62,intervention,0.011417
6,62,intervention,0.0116385
9,62,intervention,0.011833
12,62,intervention,0.012185
15,62,intervention,0.012297
18,62,intervention,0.012646
21,62,intervention,0.012969
24,62,intervention,0.013438
27,62,intervention,0.0138085
30,62,intervention,0.0143455
33,62,intervention,0.014746
36,62,intervention,0.0153335
39,62,intervention,0.0153375
42,62,intervention,0.0154205
45,62,intervention,0.0153415
48,62,intervention,0.015294
0,63,intervention,0.0113865
3,63,intervention,0.0115035
6,63,intervention,0.011888
9,63,intervention,0.011871
12,63,intervention,0.012166
15,63,intervention,0.012318
18,63,intervention,0.012724
21,63,intervention,0.0129435
24,63,intervention,0.013366
27,63,intervention,0.013711
30,63,intervention,0.014469
33,63,intervention,0.0149115
36,63,intervention,0.0155475
39,63,intervention,0.015367
42,63,intervention,0.015303
45,63,intervention,0.015308
48,63,intervention,0.015378
0,64,intervention,0.01151
3,64,intervention,0.011821
6,64,intervention,0.011858
9,64,intervention,0.012136
12,64,intervention,0.012441
15,64,intervention,0.012551
18,64,intervention,0.0127675
21,64,intervention,0.013295
24,64,intervention,0.0136125
27,64,intervention,0.014
30,64,intervention,0.014372
33,64,intervention,0.0151545
36,64,intervention,0.015529
39,64,intervention,0.0154655
42,64,intervention,0.0155565
45,64,intervention,0.0155155
48,64,intervention,0.015557
0,65,intervention,0.011468
3,65,intervention,0.011829
6,65,intervention,0.012035
9,65,intervention,0.0123385
12,65,intervention,0.0123705
15,65,intervention,0.012612
18,65,intervention,0.012939
21,65,intervention,0.0130855
24,65,intervention,0.01325
27,65,intervention,0.013862
30,65,intervention,0.0143685
33,65,intervention,0.015116
36,65,intervention,0.0154775
39,65,intervention,0.015505
42,65,intervention,0.0154675
45,65,intervention,0.0154245
48,65,intervention,0.0154585
0,66,intervention,0.0114755
3,66,intervention,0.0116125
6,66,intervention,0.011877
9,66,intervention,0.0121495
12,66,intervention,0.0124975
15,66,intervention,0.0127815
18,66,intervention,0.0130245
21,66,intervention,0.0132825
24,66,intervention,0.013733
27,66,intervention,0.014067
30,66,intervention,0.0144945
33,66,intervention,0.0151595
36,66,intervention,0.015623
39,66,intervention,0.0157005
42,66,intervention,0.015539
45,66,intervention,0.0156215
48,66,intervention,0.015623
0,67,intervention,0.011432
3,67,intervention,0.011615
6,67,intervention,0.0118675
9,67,intervention,0.0119715
12,67,intervention,0.0123695
15,67,intervention,0.0123795
18,67,intervention,0.012826
21,67,intervention,0.013183
24,67,intervention,0.013656
27,67,intervention,0.0142005
30,67,intervention,0.014636
33,67,intervention,0.015318
36,67,intervention,0.0156205
39,67,intervention,0.015539
42,67,intervention,0.0155875
45,67,intervention,0.015608
48,67,intervention,0.0156245
0,68,intervention,0.0112845
3,68,intervention,0.011365
6,68,intervention,0.011783
9,68,intervention,0.0119725
12,68,intervention,0.012233
15,68,intervention,0.0124725
18,68,intervention,0.0128675
21,68,intervention,0.013096
24,68,intervention,0.0135375
27,68,intervention,0.013865
30,68,intervention,0.0144645
33,68,intervention,0.015027
36,68,intervention,0.015452
39,68,intervention,0.015543
42,68,intervention,0.015505
45,68,intervention,0.015449
48,68,intervention,0.0154495
0,69,intervention,0.011431
3,69,intervention,0.011699
6,69,intervention,0.011889
9,69,intervention,0.0121165
12,69,intervention,0.0120885
15,69,intervention,0.012564
18,69,intervention,0.01282
21,69,intervention,0.012968
24,69,intervention,0.013428
27,69,intervention,0.013995
30,69,intervention,0.01445
33,69,intervention,0.014814
36,69,intervention,0.015498
39,69,intervention,0.0154195
42,69,intervention,0.015511
45,69,intervention,0.0155055
48,69,intervention,0.0155525
0,7,intervention,0.0114075
3,7,intervention,0.011614
6,7,intervention,0.0117595
9,7,intervention,0.0121625
12,7,intervention,0.012264
15,7,intervention,0.0126315
18,7,intervention,0.013011
21,7,intervention,0.0131755
24,7,intervention,0.013551
27,7,intervention,0.0140875
30,7,intervention,0.0145975
33,7,intervention,0.0150135
36,7,intervention,0.015488
39,7,intervention,0.0155335
42,7,intervention,0.0155225
45,7,intervention,0.015487
48,7,intervention,0.0154535
0,70,intervention,0.011399
3,70,intervention,0.0114855
6,70,intervention,0.0117885
9,70,intervention,0.012033
12,70,intervention,0.0121765
15,70,intervention,0.012543
18,70,intervention,0.0127325
21,70,intervention,0.012974
24,70,intervention,0.0134755
27,70,intervention,0.013993
30,70,intervention,0.014461
33,70,intervention,0.015085
36,70,intervention,0.015574
39,70,intervention,0.0156455
42,70,intervention,0.0156185
45,70,intervention,0.015639
48,70,intervention,0.015583
0,71,intervention,0.0112845
3,71,intervention,0.011373
6,71,intervention,0.011583
9,71,intervention,0.011812
12,71,intervention,0.012296
15,71,intervention,0.0125425
18,71,intervention,0.0127325
21,71,intervention,0.0129665
24,71,intervention,0.0133165
27,71,intervention,0.0135605
30,71,intervention,0.0141305
33,71,intervention,0.014814
36,71,intervention,0.0153345
39,71,intervention,0.015313
42,71,intervention,0.0153075
45,71,intervention,0.0153405
48,71,intervention,0.0154345
0,72,intervention,0.011408
3,72,intervention,0.0116785
6,72,intervention,0.011834
9,72,intervention,0.012034
12,72,intervention,0.0124015
15,72,intervention,0.0125055
18,72,intervention,0.0130285
21,72,intervention,0.0133925
24,72,intervention,0.013509
27,72,intervention,0.013914
30,72,intervention,0.0147005
33,72,intervention,0.015063
36,72,intervention,0.015485
39,72,intervention,0.0155985
42,72,intervention,0.0155665
45,72,intervention,0.0155515
48,72,intervention,0.0155465
0,73,intervention,0.0111525
3,73,intervention,0.0114295
6,73,intervention,0.011873
9,73,intervention,0.012018
12,73,intervention,0.012368
15,73,intervention,0.012669
18,73,intervention,0.012903
21,73,intervention,0.013177
24,73,intervention,0.013672
27,73,intervention,0.0139825
30,73,intervention,0.0144905
33,73,intervention,0.0151405
36,73,intervention,0.015563
39,73,intervention,0.015545
42,73,intervention,0.015484
45,73,intervention,0.0154455
48,73,intervention,0.0154665
0,74,intervention,0.0113015
3,74,intervention,0.0114925
6,74,intervention,0.011571
9,74,intervention,0.0119355
12,74,intervention,0.011997
15,74,intervention,0.012285
18,74,intervention,0.012878
21,74,intervention,0.0131875
24,74,intervention,0.0136
27,74,intervention,0.0139225
30,74,intervention,0.0146535
33,74,intervention,0.015015
36,74,intervention,0.015727
39,74,intervention,0.015599
42,74,intervention,0.015687
45,74,intervention,0.015645
48,74,intervention,0.015627
0,75,intervention,0.0115075
3,75,intervention,0.0113745
6,75,intervention,0.011785
9,75,intervention,0.0120905
12,75,intervention,0.012139
15,75,intervention,0.0125955
18,75,intervention,0.01287
21,75,intervention,0.013104
24,75,intervention,0.0135655
27,75,intervention,0.0140195
30,75,intervention,0.0146815
33,75,intervention,0.015058
36,75,intervention,0.015481
39,75,intervention,0.015512
42,75,intervention,0.015493
45,75,intervention,0.015566
48,75,intervention,0.0155155
0,76,intervention,0.0112495
3,76,intervention,0.0113365
6,76,intervention,0.011613
9,76,intervention,0.0120895
12,76,intervention,0.0120645
15,76,intervention,0.012422
18,76,intervention,0.0127665
21,76,intervention,0.013091
24,76,intervention,0.013314
27,76,intervention,0.0141285
30,76,intervention,0.014472
33,76,intervention,0.0148825
36,76,intervention,0.015376
39,76,intervention,0.015469
42,76,intervention,0.015416
45,76,intervention,0.0154785
48,76,intervention,0.0154805
0,77,intervention,0.0112265
3,77,intervention,0.011586
6,77,intervention,0.011679
9,77,intervention,0.0119445
12,77,intervention,0.012008
15,77,intervention,0.0124735
18,77,intervention,0.0128085
21,77,intervention,0.013002
24,77,intervention,0.0136275
27,77,intervention,0.013733
30,77,intervention,0.014403
33,77,intervention,0.0149165
36,77,intervention,0.015406
39,77,intervention,0.015432
42,77,intervention,0.015499
45,77,intervention,0.015419
48,77,intervention,0.0154225
0,78,intervention,0.0115145
3,78,intervention,0.0116105
6,78,intervention,0.0117415
9,78,intervention,0.0120065
12,78,intervention,0.0122415
15,78,intervention,0.0124425
18,78,intervention,0.012836
21,78,intervention,0.013326
24,78,intervention,0.0134875
27,78,intervention,0.014193
30,78,intervention,0.01458
33,78,intervention,0.0148555
36,78,intervention,0.0154895
39,78,intervention,0.0155385
42,78,intervention,0.0155265
45,78,intervention,0.0155695
48,78,intervention,0.015588
0,79,intervention,0.011348
3,79,intervention,0.0115775
6,79,intervention,0.011892
9,79,intervention,0.0120595
12,79,intervention,0.012224
15,79,intervention,0.012492
18,79,intervention,0.012583
21,79,intervention,0.0131455
24,79,intervention,0.0132075
27,79,intervention,0.0138025
30,79,intervention,0.014266
33,79,intervention,0.014981
36,79,intervention,0.0154815
39,79,intervention,0.0154025
42,79,intervention,0.0154345
45,79,intervention,0.0153665
48,79,intervention,0.015475
0,8,intervention,0.011518
3,8,intervention,0.0117065
6,8,intervention,0.011891
9,8,intervention,0.0120305
12,8,intervention,0.0122715
15,8,intervention,0.012689
18,8,intervention,0.0128605
21,8,intervention,0.0129945
24,8,intervention,0.0133785
27,8,intervention,0.014137
30,8,intervention,0.0145115
33,8,intervention,0.015146
36,8,intervention,0.015496
39,8,intervention,0.015497
42,8,intervention,0.0154735
45,8,intervention,0.0154545
48,8,intervention,0.0155125
0,80,intervention,0.01131
3,80,intervention,0.0115135
6,80,intervention,0.011738
9,80,intervention,0.0119235
12,80,intervention,0.012134
15,80,intervention,0.0125135
18,80,intervention,0.012721
21,80,intervention,0.0130865
24,80,intervention,0.0134585
27,80,intervention,0.0138495
30,80,intervention,0.014484
33,80,intervention,0.0149195
36,80,intervention,0.015565
39,80,intervention,0.0155315
42,80,intervention,0.0153765
45,80,intervention,0.0154785
48,80,intervention,0.015477
0,81,intervention,0.0112575
3,81,intervention,0.0115735
6,81,intervention,0.0117625
9,81,intervention,0.01208
12,81,intervention,0.01232
15,81,intervention,0.012311
18,81,intervention,0.012864
21,81,intervention,0.0133695
24,81,intervention,0.0137345
27,81,intervention,0.0141505
30,81,intervention,0.0145685
33,81,intervention,0.01524
36,81,intervention,0.015551
39,81,intervention,0.015576
42,81,intervention,0.015641
45,81,intervention,0.0156935
48,81,intervention,0.015579
0,82,intervention,0.0110405
3,82,intervention,0.011277
6,82,intervention,0.011478
9,82,intervention,0.011657
12,82,intervention,0.01193
15,82,intervention,0.0122995
18,82,intervention,0.0124065
21,82,intervention,0.0129245
24,82,intervention,0.013189
27,82,intervention,0.013735
30,82,intervention,0.0141215
33,82,intervention,0.0148725
36,82,intervention,0.015384
39,82,intervention,0.0152825
42,82,intervention,0.015426
45,82,intervention,0.015332
48,82,intervention,0.015333
0,83,intervention,0.011283
3,83,intervention,0.0115715
6,83,intervention,0.0114795
9,83,intervention,0.0118865
12,83,intervention,0.012161
15,83,intervention,0.0122995
18,83,intervention,0.0127895
21,83,intervention,0.013125
24,83,intervention,0.013689
27,83,intervention,0.014059
30,83,intervention,0.0142525
33,83,intervention,0.0151245
36,83,intervention,0.01534
39,83,intervention,0.015454
42,83,intervention,0.0154165
45,83,intervention,0.015415
48,83,intervention,0.0153985
0,84,intervention,0.011568
3,84,intervention,0.01161
6,84,intervention,0.0117845
9,84,intervention,0.011981
12,84,intervention,0.0122165
15,84,intervention,0.0124835
18,84,intervention,0.012852
21,84,intervention,0.013238
24,84,intervention,0.013597
27,84,intervention,0.0139285
30,84,intervention,0.014514
33,84,intervention,0.015227
36,84,intervention,0.0155525
39,84,intervention,0.015613
42,84,intervention,0.0156615
45,84,intervention,0.0155495
48,84,intervention,0.0154575
0,85,intervention,0.011371
3,85,intervention,0.011429
6,85,intervention,0.0117485
9,85,intervention,0.011958
12,85,intervention,0.012364
15,85,intervention,0.012795
18,85,intervention,0.0128895
21,85,intervention,0.0133025
24,85,intervention,0.013815
27,85,intervention,0.014091
30,85,intervention,0.0145175
33,85,intervention,0.0152175
36,85,intervention,0.015732
39,85,intervention,0.015675
42,85,intervention,0.015696
45,85,intervention,0.0157095
48,85,intervention,0.015642
0,86,intervention,0.011375
3,86,intervention,0.011672
6,86,intervention,0.0117095
9,86,intervention,0.012148
12,86,intervention,0.0122475
15,86,intervention,0.012587
18,86,intervention,0.01318
21,86,intervention,0.0132105
24,86,intervention,0.0134985
27,86,intervention,0.013971
30,86,intervention,0.0144805
33,86,intervention,0.0149485
36,86,intervention,0.0155565
39,86,intervention,0.0155875
42,86,intervention,0.0155365
45,86,intervention,0.01558
48,86,intervention,0.0155345
0,87,intervention,0.011482
3,87,intervention,0.01164
6,87,intervention,0.01188
9,87,intervention,0.0121735
12,87,intervention,0.012394
15,87,intervention,0.0126485
18,87,intervention,0.0130195
21,87,intervention,0.013228
24,87,intervention,0.013366
27,87,intervention,0.0137825
30,87,intervention,0.014214
33,87,intervention,0.015041
36,87,intervention,0.0155315
39,87,intervention,0.0155055
42,87,intervention,0.015584
45,87,intervention,0.0155195
48,87,intervention,0.015546
0,88,intervention,0.0113845
3,88,intervention,0.011438
6,88,intervention,0.011671
9,88,intervention,0.011856
12,88,intervention,0.012208
15,88,intervention,0.0124115
18,88,intervention,0.012801
21,88,intervention,0.012952
24,88,intervention,0.013289
27,88,intervention,0.01389
30,88,intervention,0.0144175
33,88,intervention,0.0149345
36,88,intervention,0.015332
39,88,intervention,0.015347
42,88,intervention,0.0153115
45,88,intervention,0.015235
48,88,intervention,0.015328
0,89,intervention,0.0115
3,89,intervention,0.0117335
6,89,intervention,0.011774
9,89,intervention,0.012033
12,89,intervention,0.0122465
15,89,intervention,0.012634
18,89,intervention,0.0129695
21,89,intervention,0.0131195
24,89,intervention,0.013616
27,89,intervention,0.0141045
30,89,intervention,0.0145615
33,89,intervention,0.0150135
36,89,intervention,0.0154855
39,89,intervention,0.0155185
42,89,intervention,0.015449
45,89,intervention,0.015566
48,89,intervention,0.015555
0,9,intervention,0.0113715
3,9,intervention,0.011751
6,9,intervention,0.011895
9,9,intervention,0.0120595
12,9,intervention,0.0123345
15,9,intervention,0.0125
18,9,intervention,0.0128625
21,9,intervention,0.0129555
24,9,intervention,0.0136425
27,9,intervention,0.0138855
30,9,intervention,0.0142385
33,9,intervention,0.014873
36,9,intervention,0.0153445
39,9,intervention,0.015428
42,9,intervention,0.015368
45,9,intervention,0.015397
48,9,intervention,0.0153525
0,90,intervention,0.0111705
3,90,intervention,0.011531
6,90,intervention,0.011737
9,90,intervention,0.0119235
12,90,intervention,0.0122775
15,90,intervention,0.012534
18,90,intervention,0.0127995
21,90,intervention,0.013113
24,90,intervention,0.013769
27,90,intervention,0.01406
30,90,intervention,0.014489
33,90,intervention,0.015082
36,90,intervention,0.015472
39,90,intervention,0.015523
42,90,intervention,0.0154395
45,90,intervention,0.015483
48,90,intervention,0.015464
0,91,intervention,0.011225
3,91,intervention,0.0115605
6,91,intervention,0.0117015
9,91,intervention,0.0118655
12,91,intervention,0.0122715
15,91,intervention,0.0125265
18,91,intervention,0.0126335
21,91,intervention,0.0131135
24,91,intervention,0.013334
27,91,intervention,0.013718
30,91,intervention,0.0141495
33,91,intervention,0.015001
36,91,intervention,0.015329
39,91,intervention,0.015264
42,91,intervention,0.0152575
45,91,intervention,0.0152525
48,91,intervention,0.015221
0,92,intervention,0.0113155
3,92,intervention,0.011427
6,92,intervention,0.0116655
9,92,intervention,0.0118125
12,92,intervention,0.012097
15,92,intervention,0.012561
18,92,intervention,0.012888
21,92,intervention,0.013175
24,92,intervention,0.0134305
27,92,intervention,0.0137955
30,92,intervention,0.014305
33,92,intervention,0.0148895
36,92,intervention,0.015243
39,92,intervention,0.015317
42,92,intervention,0.0153955
45,92,intervention,0.015376
48,92,intervention,0.015282
0,93,intervention,0.011088
3,93,intervention,0.0113955
6,93,intervention,0.0115115
9,93,intervention,0.011609
12,93,intervention,0.0119675
15,93,intervention,0.012415
18,93,intervention,0.012488
21,93,intervention,0.013181
24,93,intervention,0.0133685
27,93,intervention,0.0138995
30,93,intervention,0.014222
33,93,intervention,0.0147735
36,93,intervention,0.015353
39,93,intervention,0.0153875
42,93,intervention,0.0153725
45,93,intervention,0.015343
48,93,intervention,0.0154085
0,94,intervention,0.0116005
3,94,intervention,0.0117165
6,94,intervention,0.011742
9,94,intervention,0.012032
12,94,intervention,0.012223
15,94,intervention,0.012596
18,94,intervention,0.012822
21,94,intervention,0.013305
24,94,intervention,0.013445
27,94,intervention,0.0140565
30,94,intervention,0.0144725
33,94,intervention,0.0150175
36,94,intervention,0.01556
39,94,intervention,0.015509
42,94,intervention,0.0156185
45,94,intervention,0.015493
48,94,intervention,0.0155345
0,95,intervention,0.0116825
3,95,intervention,0.0116655
6,95,intervention,0.011856
9,95,intervention,0.0120545
12,95,intervention,0.012276
15,95,intervention,0.012575
18,95,intervention,0.0128795
21,95,intervention,0.0128685
24,95,intervention,0.0133255
27,95,intervention,0.0139555
30,95,intervention,0.0141725
33,95,intervention,0.01497
36,95,intervention,0.0154075
39,95,intervention,0.0153715
42,95,intervention,0.0154015
45,95,intervention,0.0153835
48,95,intervention,0.015387
0,96,intervention,0.011519
3,96,intervention,0.0116315
6,96,intervention,0.012053
9,96,intervention,0.0120765
12,96,intervention,0.0122455
15,96,intervention,0.0124585
18,96,intervention,0.0131295
21,96,intervention,0.013254
24,96,intervention,0.0138235
27,96,intervention,0.014057
30,96,intervention,0.014638
33,96,intervention,0.015218
36,96,intervention,0.0156465
39,96,intervention,0.015603
42,96,intervention,0.015657
45,96,intervention,0.0157035
48,96,intervention,0.015642
0,97,intervention,0.011511
3,97,intervention,0.01148
6,97,intervention,0.01174
9,97,intervention,0.0121035
12,97,intervention,0.0120515
15,97,intervention,0.0123635
18,97,intervention,0.012759
21,97,intervention,0.013096
24,97,intervention,0.013714
27,97,intervention,0.014037000000000001
30,97,intervention,0.014382
33,97,intervention,0.015016
36,97,intervention,0.0154625
39,97,intervention,0.015425
42,97,intervention,0.015431
45,97,intervention,0.015493
48,97,intervention,0.0154535
0,98,intervention,0.0113875
3,98,intervention,0.011602
6,98,intervention,0.0117615
9,98,intervention,0.0120425
12,98,intervention,0.012126
15,98,intervention,0.012246
18,98,intervention,0.0127325
21,98,intervention,0.0128165
24,98,intervention,0.013329
27,98,intervention,0.014013
30,98,intervention,0.0143095
33,98,intervention,0.014869
36,98,intervention,0.0153865
39,98,intervention,0.0154785
42,98,intervention,0.015515
45,98,intervention,0.015444
48,98,intervention,0.0154125
0,99,intervention,0.0111255
3,99,intervention,0.0112885
6,99,intervention,0.0115865
9,99,intervention,0.011743
12,99,intervention,0.0119745
15,99,intervention,0.0121935
18,99,intervention,0.012687
21,99,intervention,0.0128715
24,99,intervention,0.013312
27,99,intervention,0.0137385
30,99,intervention,0.01406
33,99,intervention,0.0147505
36,99,intervention,0.0152335
39,99,intervention,0.0151425
42,99,intervention,0.0151675
45,99,intervention,0.0151875
48,99,intervention,0.01517
